job_title,job_url,salary,company_name,company_sector,company_logo_url,location,contract_type,remote,publication_date
Senior Data Engineer,https://www.welcometothejungle.com/fr/companies/pharow/jobs/senior-data-engineer_paris?q=b5ae05e9c3b698d2dc1e8c91a0c5bb0e&o=8f3d9840-6f02-48dd-a16a-cdcb987e9620,Salaire : 55K √† 75K¬†‚Ç¨,Pharow,SaaS / Cloud Services,https://cdn-images.welcometothejungle.com/gsbpBqe_I3fkG33v2x6VIuXLepzteAAMuJ3FEaGf1iw/rs:auto:70::/q:85/czM6Ly93dHRqLXByb2R1Y3Rpb24vdXBsb2Fkcy9vcmdhbml6YXRpb24vbG9nby82ODA1LzE2NzExOS9mNTkyOGJmZC02OTBjLTRlMTktOWNhNS00OTdmZDBkM2UzZmIucG5n,Paris,CDI,T√©l√©travail fr√©quent,2024-06-27T14:57:13Z
Data Engineer GCP Senior (F/H),https://www.welcometothejungle.com/fr/companies/apside/jobs/data-engineer-gcp-senior-f-h_la-defense?q=b5ae05e9c3b698d2dc1e8c91a0c5bb0e&o=a803a30f-8d0f-42a4-aab8-ff2d0c62d5ce,Salaire : Non sp√©cifi√©,Apside,"SaaS / Cloud Services, Big Data, Cybers√©curit√©",https://cdn-images.welcometothejungle.com/Jy3Gp5bvYbO-cMRkKUKnhOqZnFdpTRwunUtDJvl1rUs/rs:auto:70::/q:85/czM6Ly93dHRqLXByb2R1Y3Rpb24vdXBsb2Fkcy9vcmdhbml6YXRpb24vbG9nby84OTIzLzE2OTEwNC9iOTQxZThiMy04MmM2LTRhZDMtYTA3YS05NDdjYjM3OTlhZDAucG5n,La D√©fense,CDI,T√©l√©travail non autoris√©,2024-06-07T22:37:33Z
Senior Data Engineer (H/F),https://www.welcometothejungle.com/fr/companies/publicis-sapient/jobs/senior-data-engineer-h-f_paris_PS_1MGPbrM?q=b5ae05e9c3b698d2dc1e8c91a0c5bb0e&o=d251b0be-1ab5-49d9-9c54-67b297b16d40,Salaire : Non sp√©cifi√©,Publicis Sapient,IT / Digital,https://cdn-images.welcometothejungle.com/X_SyrijRN_jWal88xuLoC5E1k79g27-SJYFvGKGS7DQ/rs:auto:70::/q:85/czM6Ly93dHRqLXByb2R1Y3Rpb24vdXBsb2Fkcy9vcmdhbml6YXRpb24vbG9nby83ODA2LzE2MzExMC81OGJkM2MxMC03MTljLTQ1NGQtOTFhZS0xN2VhODg1OTRjYTIucG5n,Paris,CDI,T√©l√©travail non autoris√©,2024-06-21T23:24:14Z
Data Engineer S√©nior,https://www.welcometothejungle.com/fr/companies/skello/jobs/data-engineer_paris?q=b5ae05e9c3b698d2dc1e8c91a0c5bb0e&o=71b8e027-75e2-4243-b15c-09dafe1aa883,Salaire : Non sp√©cifi√©,Skello,"Application mobile, SaaS / Cloud Services, Ressources humaines",https://cdn-images.welcometothejungle.com/D41GJLy1VEp7d67LiJrpR1MvVk5U5CgUur9TVo0LJYc/rs:auto:70::/q:85/czM6Ly93dHRqLXByb2R1Y3Rpb24vdXBsb2Fkcy9vcmdhbml6YXRpb24vbG9nby82Mjg0LzE0ODgzOC8xZGIzYjA1My0xNjBjLTRhMTEtOTYyYS01MDEzMjg4NmVhODIuanBn,Paris,CDI,T√©l√©travail fr√©quent,2024-07-05T09:39:55Z
Data Engineer Senior H/F,https://www.welcometothejungle.com/fr/companies/innovela/jobs/data-engineer-senior-h-f_paris?q=b5ae05e9c3b698d2dc1e8c91a0c5bb0e&o=36ad7506-380a-4236-8336-4264dbd35021,Salaire : 55K √† 80K¬†‚Ç¨,Innovela,"IT / Digital, SaaS / Cloud Services, Big Data",https://cdn-images.welcometothejungle.com/EuSY6yqSKC6fXAkQqQ6pAZKzwuxOqHYKsQ0UZQLMy2Q/rs:auto:70::/q:85/czM6Ly93dHRqLXByb2R1Y3Rpb24vdXBsb2Fkcy9vcmdhbml6YXRpb24vbG9nby8zMTIwLzE1Njk4Ni8wMjBmZmU3OS1mZmUwLTQ5NzctYjEzMS1lMDM5MmQyNjk4M2QucG5n,Paris,CDI,T√©l√©travail fr√©quent,2024-07-02T16:02:34Z
Data Engineer / Kafka Senior,https://www.welcometothejungle.com/fr/companies/jakala/jobs/data-engineer-kafka-senior_paris?q=b5ae05e9c3b698d2dc1e8c91a0c5bb0e&o=7bfdca9f-3318-4118-9d16-6e01f80bc374,Salaire : Non sp√©cifi√©,JAKALA,"Digital Marketing / Data Marketing, Big Data, E-commerce",https://cdn-images.welcometothejungle.com/2EJHmfeb6ja3Ueb4Fi2_LJiw_wHHFjZxhI2QU_afvZE/rs:auto:70::/q:85/czM6Ly93dHRqLXByb2R1Y3Rpb24vdXBsb2Fkcy9vcmdhbml6YXRpb24vbG9nby81NzgzLzE0NjM1Ni8yNTlkMTNhNS01YzU0LTRmM2UtYmU5Mi1hM2IxYmE0NDI5MmQucG5n,Paris,CDI,T√©l√©travail fr√©quent,2024-05-17T08:02:32Z
Senior Data Engineer (f/m/d) ,https://www.welcometothejungle.com/fr/companies/decathlon-digital/jobs/senior-data-engineer-f-m-d_croix?q=b5ae05e9c3b698d2dc1e8c91a0c5bb0e&o=ed464100-4056-49e4-94ad-81326a767a31,Salaire : Non sp√©cifi√©,Decathlon Digital,"Application mobile, Logiciels, Cybers√©curit√©, Sport, E-commerce, Grande distribution",https://cdn-images.welcometothejungle.com/c6x3vd7MdE-ZqfTX4zodKASEZy0OuIs9BGVEejCFpwI/rs:auto:70::/q:85/czM6Ly93dHRqLXByb2R1Y3Rpb24vdXBsb2Fkcy9vcmdhbml6YXRpb24vbG9nby85MzQ4LzE2MzQ2NS80NWIzYjE3OC03ZjAxLTRlMmEtOTRiYi1kMjM4NjQxYmQxZmIucG5n,Croix,CDI,T√©l√©travail fr√©quent,2024-07-05T12:38:32Z
Senior Data Engineer (f/m/d) ,https://www.welcometothejungle.com/fr/companies/decathlon-digital/jobs/senior-data-engineer-f-m-d_paris?q=b5ae05e9c3b698d2dc1e8c91a0c5bb0e&o=8aadf468-9103-414c-a1ba-42d0eb21b717,Salaire : Non sp√©cifi√©,Decathlon Digital,"Application mobile, Logiciels, Cybers√©curit√©, Sport, E-commerce, Grande distribution",https://cdn-images.welcometothejungle.com/c6x3vd7MdE-ZqfTX4zodKASEZy0OuIs9BGVEejCFpwI/rs:auto:70::/q:85/czM6Ly93dHRqLXByb2R1Y3Rpb24vdXBsb2Fkcy9vcmdhbml6YXRpb24vbG9nby85MzQ4LzE2MzQ2NS80NWIzYjE3OC03ZjAxLTRlMmEtOTRiYi1kMjM4NjQxYmQxZmIucG5n,Paris,CDI,T√©l√©travail fr√©quent,2024-07-05T12:38:14Z
Senior Data Engineer (H/F),https://www.welcometothejungle.com/fr/companies/publicis-france-1/jobs/senior-data-engineer-h-f_paris_PF_MRrK0GJ?q=b5ae05e9c3b698d2dc1e8c91a0c5bb0e&o=558f9468-37cc-4160-be01-78db785b7dfd,Salaire : Non sp√©cifi√©,Publicis France,"Marketing / Communication, Publicit√©, Digital, Relations publiques, AdTech  / MarTech, Ev√©nementiel, Design",https://cdn-images.welcometothejungle.com/vRb_AI9u06mkYOo3Psj6JDFip0cRymrFdVcCcU0o0U4/rs:auto:70::/q:85/czM6Ly93dHRqLXByb2R1Y3Rpb24vdXBsb2Fkcy9vcmdhbml6YXRpb24vbG9nby85MDgwLzE2NzAyNC82YjBkZDYzYy04MGNkLTQ4MTQtODdmNC05NTM1NjY0OTU4NTAucG5n,Paris,CDI,T√©l√©travail non autoris√©,2024-06-21T23:48:39Z
Senior Data Engineer / Azure (H/F),https://www.welcometothejungle.com/fr/companies/groupe-micropole/jobs/senior-data-engineer-azure-h-f_villeurbanne?q=b5ae05e9c3b698d2dc1e8c91a0c5bb0e&o=69a0033e-ae60-40d9-a751-d691b061e8e3,Salaire : Non sp√©cifi√©,Micropole,IT / Digital,https://cdn-images.welcometothejungle.com/LtevcJNGVjbkbivvZBwg8v1QUtJz-TW4dsGWX0voK4E/rs:auto:70::/q:85/czM6Ly93dHRqLXByb2R1Y3Rpb24vdXBsb2Fkcy9vcmdhbml6YXRpb24vbG9nby8yNzkxLzE1NTgwMi85ZTQ0NTgzMy0wMGE3LTQ2YjctOGM5Zi1mMmY0MGU3MzI0MjAucG5n,Villeurbanne,CDI,T√©l√©travail non autoris√©,2024-06-19T00:32:51Z
DATA ENGINEER SENIOR (H/F) EN CDI A PARIS OU NANTES,https://www.welcometothejungle.com/fr/companies/sncf-connect-tech/jobs/data-engineer-h-f-en-cdi-a-paris-ou-nantes_paris?q=b5ae05e9c3b698d2dc1e8c91a0c5bb0e&o=684b1837-ffee-4350-9bad-5a163e334c04,Salaire : Non sp√©cifi√©,SNCF Connect & Tech,"Mobilit√©, Application mobile, Logiciels, Intelligence artificielle / Machine Learning, Big Data, E-commerce",https://cdn-images.welcometothejungle.com/pQGlgF8IqyZp2MRN6RmPghcAJRdkFrzNwi-XJZTk6YA/rs:auto:70::/q:85/czM6Ly93dHRqLXByb2R1Y3Rpb24vdXBsb2Fkcy9vcmdhbml6YXRpb24vbG9nby83NzU5LzE2NTMzOC81NTgzYzczZC02YzgwLTQ3N2YtODU0Yi04NzczMGYyMDVjNzIuanBn,Paris,CDI,T√©l√©travail fr√©quent,2024-07-01T23:54:17Z
Data Engineer Senior (F/H),https://www.welcometothejungle.com/fr/companies/altea/jobs/data-engineer-senior-f-h_chateauneuf-le-rouge?q=b5ae05e9c3b698d2dc1e8c91a0c5bb0e&o=c0490c16-67b2-4c34-8f6b-3efd51d69b18,Salaire : 50K √† 60K¬†‚Ç¨,Altea,"Logiciels, IT / Digital, SaaS / Cloud Services",https://cdn-images.welcometothejungle.com/ccgwkeAICsG34sVMwIRH9HowVm01MtXkmitEn1qID-g/rs:auto:70::/q:85/czM6Ly93dHRqLXByb2R1Y3Rpb24vdXBsb2Fkcy9vcmdhbml6YXRpb24vbG9nby8yMDQxLzE2NzI4NC82MGMwNmI3MC00Y2YyLTRmNGItYjQ0ZC1iYWU5Y2JiNThlOTkucG5n,Sophia-Antipolis,CDI,T√©l√©travail occasionnel,2024-06-04T13:49:45Z
(Senior) Data Engineer,https://www.welcometothejungle.com/fr/companies/mirakl/jobs/senior-data-engineer-paris-bordeaux_paris?q=b5ae05e9c3b698d2dc1e8c91a0c5bb0e&o=111060af-0f36-4715-b7c7-7fd80cac2cb7,Salaire : Non sp√©cifi√©,Mirakl,"SaaS / Cloud Services, E-commerce",https://cdn-images.welcometothejungle.com/rqahF_bZcr2rQYU26q-CCjfGJLxEKL68hn_Waex4cco/rs:auto:70::/q:85/czM6Ly93dHRqLXByb2R1Y3Rpb24vdXBsb2Fkcy9vcmdhbml6YXRpb24vbG9nby85Njc0LzE0ODAwNy81MjgzOGYxZC1lNGI4LTQ3OTktOWVlZS1lODJmODFmODQ2YjgucG5n,Paris,CDI,T√©l√©travail fr√©quent,2024-06-28T00:21:17Z
Data Engineer Senior,https://www.welcometothejungle.com/fr/companies/jakala/jobs/data-engineer-senior-cdi-paris-ou-caen?q=b5ae05e9c3b698d2dc1e8c91a0c5bb0e&o=6696f7e0-63be-4373-8470-85bff272293b,Salaire : Non sp√©cifi√©,JAKALA,"Digital Marketing / Data Marketing, Big Data, E-commerce",https://cdn-images.welcometothejungle.com/2EJHmfeb6ja3Ueb4Fi2_LJiw_wHHFjZxhI2QU_afvZE/rs:auto:70::/q:85/czM6Ly93dHRqLXByb2R1Y3Rpb24vdXBsb2Fkcy9vcmdhbml6YXRpb24vbG9nby81NzgzLzE0NjM1Ni8yNTlkMTNhNS01YzU0LTRmM2UtYmU5Mi1hM2IxYmE0NDI5MmQucG5n,"Paris, , Caen",CDI,T√©l√©travail fr√©quent,2024-05-27T15:55:53Z
Cloud Data Engineer Senior,https://www.welcometothejungle.com/fr/companies/elevate/jobs/consultant-e-data-engineer-senior-f-h_paris?q=b5ae05e9c3b698d2dc1e8c91a0c5bb0e&o=5a3a729f-59a9-4863-a8c1-f723a7d8b77a,Salaire : Non sp√©cifi√©,Elevate,"Digital Marketing / Data Marketing, IT / Digital, Recrutement",https://cdn-images.welcometothejungle.com/zVVujOL2aiIHj46V7Ru8v4P14_dsI5ODbY-mhpUu7lc/rs:auto:70::/q:85/czM6Ly93dHRqLXByb2R1Y3Rpb24vdXBsb2Fkcy9vcmdhbml6YXRpb24vbG9nby84NDEwLzE1ODk4MS9lMWQwYzdlOC00NTAwLTQ4ZTMtYjY3ZC05OWRiMGFjY2U0YTEucG5n,Paris,CDI,T√©l√©travail fr√©quent,2024-06-25T10:08:17Z
Data Engineer Senior - F/M/X,https://www.welcometothejungle.com/fr/companies/tehtris/jobs/data-engineer-senior-f-m-x_pessac_TEHTR_3exPdwj?q=b5ae05e9c3b698d2dc1e8c91a0c5bb0e&o=8340e887-28b0-4edb-ba14-9b489f557df8,Salaire : Non sp√©cifi√©,TEHTRIS,"Logiciels, Cybers√©curit√©",https://cdn-images.welcometothejungle.com/PBZ6aMiKcyhuRxT8i_RtwP32EWHeXT263syFNX2POjo/rs:auto:70::/q:85/czM6Ly93dHRqLXByb2R1Y3Rpb24vdXBsb2Fkcy9vcmdhbml6YXRpb24vbG9nby8yNjgzLzE2MDU2MS8yNTc0NzQ3OC0yOTk0LTRmNDEtOGRhYi01N2E2ODUzNTJhZTcuanBn,Pessac,CDI,T√©l√©travail fr√©quent,2024-06-25T15:50:41Z
Data engineer Confirm√©/Senior - H/F,https://www.welcometothejungle.com/fr/companies/codeworks/jobs/data-engineer_paris?q=b5ae05e9c3b698d2dc1e8c91a0c5bb0e&o=d391d73b-e886-4263-b64f-46616a741256,Salaire : 53 √† 75‚ÄØ000¬†‚Ç¨,Codeworks,"Logiciels, IT / Digital",https://cdn-images.welcometothejungle.com/Sc9rrorkTYmdz0-DPHLuQvYG1X81kapeelR3_9xQx4w/rs:auto:70::/q:85/czM6Ly93dHRqLXByb2R1Y3Rpb24vdXBsb2Fkcy9vcmdhbml6YXRpb24vbG9nby8wMTk3LzE2ODI2MC9jZjdlMDAwZi1kMmRjLTRkYWYtOGIwYy0xNzU3MjNhZWI1YWQuanBn,Paris,CDI,T√©l√©travail fr√©quent,2024-06-20T16:03:33Z
Data Engineer AWS Senior (F/H),https://www.welcometothejungle.com/fr/companies/apside/jobs/data-engineer-aws-senior-f-h_la-defense?q=b5ae05e9c3b698d2dc1e8c91a0c5bb0e&o=d4c6c8a2-f9a5-4e1f-bd9a-d420de37ff4b,Salaire : Non sp√©cifi√©,Apside,"SaaS / Cloud Services, Big Data, Cybers√©curit√©",https://cdn-images.welcometothejungle.com/Jy3Gp5bvYbO-cMRkKUKnhOqZnFdpTRwunUtDJvl1rUs/rs:auto:70::/q:85/czM6Ly93dHRqLXByb2R1Y3Rpb24vdXBsb2Fkcy9vcmdhbml6YXRpb24vbG9nby84OTIzLzE2OTEwNC9iOTQxZThiMy04MmM2LTRhZDMtYTA3YS05NDdjYjM3OTlhZDAucG5n,La D√©fense,CDI,T√©l√©travail non autoris√©,2024-06-07T22:37:38Z
Data Engineer Senior / IA pour la d√©mocratie,https://www.welcometothejungle.com/fr/companies/make-org/jobs/data-engineer-senior-ia-pour-la-democratie_paris?q=b5ae05e9c3b698d2dc1e8c91a0c5bb0e&o=3ae9db2b-d1d2-4f41-8f50-4957c3e56fe0,Salaire : Non sp√©cifi√©,Make.org,"SocialTech / GreenTech, ONG",https://cdn-images.welcometothejungle.com/qNLKPy1fLTB0vn5ROFx-Ibl6EL9xnpIS-dOf5hmcoa8/rs:auto:70::/q:85/czM6Ly93dHRqLXByb2R1Y3Rpb24vdXBsb2Fkcy9vcmdhbml6YXRpb24vbG9nby84MTIwLzE2NTgzMC81ZDdlMmVmOS1lNTIyLTRlNTctYjJiZS04Mjg3NmZkODMwZGYuanBn,Paris,CDI,T√©l√©travail fr√©quent,2024-06-10T10:18:05Z
Data Engineer Senior - F/M/X,https://www.welcometothejungle.com/fr/companies/tehtris/jobs/data-engineer-senior-f-m-x_pessac_TEHTR_5wGYwVX?q=b5ae05e9c3b698d2dc1e8c91a0c5bb0e&o=e4db2f6e-47fb-4974-9ada-9410960be902,Salaire : Non sp√©cifi√©,TEHTRIS,"Logiciels, Cybers√©curit√©",https://cdn-images.welcometothejungle.com/PBZ6aMiKcyhuRxT8i_RtwP32EWHeXT263syFNX2POjo/rs:auto:70::/q:85/czM6Ly93dHRqLXByb2R1Y3Rpb24vdXBsb2Fkcy9vcmdhbml6YXRpb24vbG9nby8yNjgzLzE2MDU2MS8yNTc0NzQ3OC0yOTk0LTRmNDEtOGRhYi01N2E2ODUzNTJhZTcuanBn,Pessac,CDI,T√©l√©travail fr√©quent,2024-06-25T15:52:58Z
(Senior) Data Engineer,https://www.welcometothejungle.com/fr/companies/mirakl/jobs/senior-data-engineer_bordeaux?q=b5ae05e9c3b698d2dc1e8c91a0c5bb0e&o=d4e0b922-2d61-4846-bace-4678b8560113,Salaire : Non sp√©cifi√©,Mirakl,"SaaS / Cloud Services, E-commerce",https://cdn-images.welcometothejungle.com/rqahF_bZcr2rQYU26q-CCjfGJLxEKL68hn_Waex4cco/rs:auto:70::/q:85/czM6Ly93dHRqLXByb2R1Y3Rpb24vdXBsb2Fkcy9vcmdhbml6YXRpb24vbG9nby85Njc0LzE0ODAwNy81MjgzOGYxZC1lNGI4LTQ3OTktOWVlZS1lODJmODFmODQ2YjgucG5n,Bordeaux,CDI,T√©l√©travail fr√©quent,2024-06-28T00:21:15Z
Data Engineer Senior - Spark/ Databricks,https://www.welcometothejungle.com/fr/companies/pulsover/jobs/data-engineer-senior-spark-databricks_paris?q=b5ae05e9c3b698d2dc1e8c91a0c5bb0e&o=146b7235-61d1-4d6d-a681-2836f1f93ed9,Salaire : Non sp√©cifi√©,Pulsover,"Intelligence artificielle / Machine Learning, IT / Digital, SaaS / Cloud Services, Big Data",https://cdn-images.welcometothejungle.com/8AvM6emq1jLc_YyaewgGU50ZaTxEeRvAsWVzTN6MfFM/rs:auto:70::/q:85/czM6Ly93dHRqLXByb2R1Y3Rpb24vdXBsb2Fkcy9vcmdhbml6YXRpb24vbG9nby84ODQwLzE2Njg0Mi85YmI5YTNhMC0yY2U4LTRiNWYtYThjNS1jZDAzZGI5OTQ3N2QuanBn,Paris,CDI,T√©l√©travail fr√©quent,2024-06-05T13:57:18Z
Senior Data Engineer,https://www.welcometothejungle.com/fr/companies/modeo/jobs/senior-data-engineer_paris?q=b5ae05e9c3b698d2dc1e8c91a0c5bb0e&o=69879cce-d9a6-47b2-ba27-1fe8099860e0,Salaire : 50K √† 70K¬†‚Ç¨,Modeo,"Intelligence artificielle / Machine Learning, SaaS / Cloud Services, Big Data",https://cdn-images.welcometothejungle.com/AhoBZjho60C2Pw6TWBXbFI7xGKij1VjuF245ehUIsmE/rs:auto:70::/q:85/czM6Ly93dHRqLXByb2R1Y3Rpb24vdXBsb2Fkcy9vcmdhbml6YXRpb24vbG9nby84MTczLzE3MDE0My83ZGQ4MTVkMS1iYjY5LTQ3MWYtODhlMS1iMjkyNTgzZWY2YmIuanBn,Paris,CDI,T√©l√©travail fr√©quent,2024-06-24T14:14:33Z
Senior Data Engineer,https://www.welcometothejungle.com/fr/companies/akeneo/jobs/senior-data-engineer?q=b5ae05e9c3b698d2dc1e8c91a0c5bb0e&o=c576295d-6a96-45ae-becc-9bad15e1531c,Salaire : Non sp√©cifi√©,Akeneo,E-commerce,https://cdn-images.welcometothejungle.com/zJKbceRje9fLm7q4Zfu7t6BhMVG61bAdJzj7pNKS77o/rs:auto:70::/q:85/czM6Ly93dHRqLXByb2R1Y3Rpb24vdXBsb2Fkcy9vcmdhbml6YXRpb24vbG9nby8zMzU3LzE0ODAzNC84Zjc2Y2I0OS1jZDU5LTRhYjctYjlhMi1iNjFiNzc3ZGUxNmIucG5n,"Nantes, , Paris",CDI,T√©l√©travail fr√©quent,2024-07-02T09:09:45Z
Senior data engineer H/F,https://www.welcometothejungle.com/fr/companies/invivo-digital-factory/jobs/senior-data-engineer-h-f_courbevoie_IDF_KRePbVN?q=b5ae05e9c3b698d2dc1e8c91a0c5bb0e&o=d7c7cdfc-6b73-4cbe-885a-382f94defc0f,Salaire : Non sp√©cifi√©,InVivo Digital Factory,"IT / Digital, E-commerce",https://cdn-images.welcometothejungle.com/W5ARYTIsMj_RsNP5lTPQHMCt86n78gUSc63Zj9S5cOI/rs:auto:70::/q:85/czM6Ly93dHRqLXByb2R1Y3Rpb24vdXBsb2Fkcy9vcmdhbml6YXRpb24vbG9nby81OTE4LzE1NjQ1Ny82NDBmMjE3OC1hNmYwLTRkYTMtODNmMi1hMWViNzEzYTI5ZGMucG5n,Courbevoie,CDI,T√©l√©travail fr√©quent,2024-06-19T07:00:55Z
Senior Data Engineer / Data Architect (F/H),https://www.welcometothejungle.com/fr/companies/solution-bi/jobs/senior-data-engineer-data-architect-f-h_paris?q=b5ae05e9c3b698d2dc1e8c91a0c5bb0e&o=efd6e786-5d34-4b9f-95d5-980dfe4b3c4c,Salaire : Non sp√©cifi√©,Solution BI,"IT / Digital, Transformation, Finance",https://cdn-images.welcometothejungle.com/OfV2IBeKsRo7ijXLzdBx8u4tHXCxwwqOOeyi6f1L7aA/rs:auto:70::/q:85/czM6Ly93dHRqLXByb2R1Y3Rpb24vdXBsb2Fkcy9vcmdhbml6YXRpb24vbG9nby84ODk3LzE2MDAyNi9lOTk3M2ViNi1kMjdhLTRhODItODEyZi03M2Y4M2NhNWMwYWMuanBn,Paris,CDI,T√©l√©travail fr√©quent,2024-07-03T07:59:54Z
Senior Data Engineer F/H,https://www.welcometothejungle.com/fr/companies/atawiz/jobs/senior-data-engineer-f-h?q=b5ae05e9c3b698d2dc1e8c91a0c5bb0e&o=6fa88653-c61c-46e4-bfab-c6c6a17821a2,Salaire : 50K √† 65K¬†‚Ç¨,Atawiz,"Application mobile, Logiciels, SaaS / Cloud Services, Big Data",https://cdn-images.welcometothejungle.com/DO-GdfjlbHopl3W4hkLXO02MXwKQwmLQSh07dX_pzaw/rs:auto:70::/q:85/czM6Ly93dHRqLXByb2R1Y3Rpb24vdXBsb2Fkcy9vcmdhbml6YXRpb24vbG9nby8yMDM1LzE2NTEwMC84NTU4NThjMS0xMjY2LTQ1YmItOWE3ZC00Njc0MTM0NWJmZmEucG5n,Paris,CDI,T√©l√©travail fr√©quent,2024-06-21T07:54:32Z
SENIOR DATA ENGINEER AWS (F/H),https://www.welcometothejungle.com/fr/companies/groupe-micropole/jobs/senior-data-engineer-aws-f-h_villeurbanne?q=b5ae05e9c3b698d2dc1e8c91a0c5bb0e&o=03504da5-51af-411a-823b-e40f52e81649,Salaire : Non sp√©cifi√©,Micropole,IT / Digital,https://cdn-images.welcometothejungle.com/LtevcJNGVjbkbivvZBwg8v1QUtJz-TW4dsGWX0voK4E/rs:auto:70::/q:85/czM6Ly93dHRqLXByb2R1Y3Rpb24vdXBsb2Fkcy9vcmdhbml6YXRpb24vbG9nby8yNzkxLzE1NTgwMi85ZTQ0NTgzMy0wMGE3LTQ2YjctOGM5Zi1mMmY0MGU3MzI0MjAucG5n,Villeurbanne,CDI,T√©l√©travail non autoris√©,2024-06-24T23:59:29Z
(Senior) Data Engineer,https://www.welcometothejungle.com/fr/companies/mirakl/jobs/senior-data-engineer_paris?q=b5ae05e9c3b698d2dc1e8c91a0c5bb0e&o=07595e4c-0c62-47af-bedb-2877c0e00ca5,Salaire : Non sp√©cifi√©,Mirakl,"SaaS / Cloud Services, E-commerce",https://cdn-images.welcometothejungle.com/rqahF_bZcr2rQYU26q-CCjfGJLxEKL68hn_Waex4cco/rs:auto:70::/q:85/czM6Ly93dHRqLXByb2R1Y3Rpb24vdXBsb2Fkcy9vcmdhbml6YXRpb24vbG9nby85Njc0LzE0ODAwNy81MjgzOGYxZC1lNGI4LTQ3OTktOWVlZS1lODJmODFmODQ2YjgucG5n,Paris,CDI,T√©l√©travail fr√©quent,2024-06-28T00:21:16Z
Senior Data Engineer üá™üá∫,https://www.welcometothejungle.com/fr/companies/pennylane/jobs/senior-data-engineer_paris?q=b5ae05e9c3b698d2dc1e8c91a0c5bb0e&o=31a59bdf-4204-4d44-8100-bcb9b29d37f7,Salaire : Non sp√©cifi√©,Pennylane,"Expertise comptable, FinTech / InsurTech, SaaS / Cloud Services",https://cdn-images.welcometothejungle.com/kqVQBwJ4h7006LV40r42J3CwiC1AGll3YERXG2SR17g/rs:auto:70::/q:85/czM6Ly93dHRqLXByb2R1Y3Rpb24vdXBsb2Fkcy9vcmdhbml6YXRpb24vbG9nby8wNTk4LzE1OTcxNS8xOTQ2NjgxNy0zMTgwLTQzZjgtOTM0MC00MWJiNGE2YTIwNmQucG5n,Paris,CDI,T√©l√©travail total,2024-06-26T22:46:43Z
SENIOR DATA ENGINEER AWS (F/H),https://www.welcometothejungle.com/fr/companies/groupe-micropole/jobs/senior-data-engineer-aws-f-h_levallois-perret_MICRO_5Akw3LX?q=63f725260f0b5664263b6c6b8862ee38&o=6d475aa0-425a-4b7b-8391-372ebd1adb90,Salaire : Non sp√©cifi√©,Micropole,IT / Digital,https://cdn-images.welcometothejungle.com/LtevcJNGVjbkbivvZBwg8v1QUtJz-TW4dsGWX0voK4E/rs:auto:70::/q:85/czM6Ly93dHRqLXByb2R1Y3Rpb24vdXBsb2Fkcy9vcmdhbml6YXRpb24vbG9nby8yNzkxLzE1NTgwMi85ZTQ0NTgzMy0wMGE3LTQ2YjctOGM5Zi1mMmY0MGU3MzI0MjAucG5n,Levallois-Perret,CDI,T√©l√©travail non autoris√©,2024-05-16T00:23:30Z
Senior Full Stack Data Engineer,https://www.welcometothejungle.com/fr/companies/skillup-co/jobs/senior-data-engineer_paris?q=63f725260f0b5664263b6c6b8862ee38&o=4a3f7001-abd4-40a5-b036-d70cb7ba51a6,Salaire : Non sp√©cifi√©,Skillup.co,"Logiciels, SaaS / Cloud Services, Formation",https://cdn-images.welcometothejungle.com/bRIArncyhJZ8y0tcxuwPQSicjytihZO2pjVZwOlXWWc/rs:auto:70::/q:85/czM6Ly93dHRqLXByb2R1Y3Rpb24vdXBsb2Fkcy9vcmdhbml6YXRpb24vbG9nby82NDU5LzE0OTcyNy8yZTg5MjVjNi1lNTJjLTRjYjQtOTM5Zi04MTEzZTk4OGUyNDMuanBn,Paris,CDI,T√©l√©travail fr√©quent,2024-07-01T16:18:16Z
Senior BW Data Engineer - SAP Analytics (f/m/d),https://www.welcometothejungle.com/fr/companies/decathlon-digital/jobs/senior-bw-data-engineer-sap-analytics-f-m-d_paris?q=63f725260f0b5664263b6c6b8862ee38&o=811d077a-8b4f-4b0c-8cdf-6764a3b93d64,Salaire : Non sp√©cifi√©,Decathlon Digital,"Application mobile, Logiciels, Cybers√©curit√©, Sport, E-commerce, Grande distribution",https://cdn-images.welcometothejungle.com/c6x3vd7MdE-ZqfTX4zodKASEZy0OuIs9BGVEejCFpwI/rs:auto:70::/q:85/czM6Ly93dHRqLXByb2R1Y3Rpb24vdXBsb2Fkcy9vcmdhbml6YXRpb24vbG9nby85MzQ4LzE2MzQ2NS80NWIzYjE3OC03ZjAxLTRlMmEtOTRiYi1kMjM4NjQxYmQxZmIucG5n,Paris,CDI,T√©l√©travail fr√©quent,2024-05-19T23:42:33Z
Senior Data Engineer,https://www.welcometothejungle.com/fr/companies/lenstra/jobs/data-engineer-lead-data-platforms_paris?q=63f725260f0b5664263b6c6b8862ee38&o=4172ba25-0ee6-4a14-9c05-c16d71a56c2a,Salaire : 65K √† 75K¬†‚Ç¨,Lenstra,"Logiciels, Intelligence artificielle / Machine Learning, SaaS / Cloud Services",https://cdn-images.welcometothejungle.com/F782AilVlWZLCvu9DwJD-dMbjayOLliM12QnhncLF_U/rs:auto:70::/q:85/czM6Ly93dHRqLXByb2R1Y3Rpb24vdXBsb2Fkcy9vcmdhbml6YXRpb24vbG9nby81NTE2LzE2ODYzMS9kNzBhZDM0Yi1iOWM5LTRkOWItYjdlYS1kNDJiZTY5ZDlkMmIucG5n,Paris,CDI,T√©l√©travail fr√©quent,2024-06-18T11:38:41Z
Senior Data Engineer,https://www.welcometothejungle.com/fr/companies/algolia/jobs/senior-data-engineer_paris?q=63f725260f0b5664263b6c6b8862ee38&o=976aa1cf-c039-4c6c-b372-cf8ee8d7ecff,Salaire : Non sp√©cifi√©,Algolia,"Logiciels, IT / Digital, SaaS / Cloud Services",https://cdn-images.welcometothejungle.com/f1sUD99Z3EGCecnTKghMhIYMJEeHMTGlY3rvN8V78kI/rs:auto:70::/q:85/czM6Ly93dHRqLXByb2R1Y3Rpb24vdXBsb2Fkcy9vcmdhbml6YXRpb24vbG9nby8yMTkyLzE0NDQ5Mi8xZTkwMjM0MS1iODIxLTQ0MDAtYWUwOS0wYmMzMTM0MjQyOWIucG5n,Paris,CDI,T√©l√©travail non autoris√©,2024-06-18T01:51:33Z
Senior Data Engineer (H/F),https://www.welcometothejungle.com/fr/companies/believe-digital/jobs/senior-data-engineer-h-f_paris_BELIE_z1gqKz8?q=63f725260f0b5664263b6c6b8862ee38&o=876c2b2b-e146-477c-b096-8abeb8a5509b,Salaire : Non sp√©cifi√©,Believe,Musique,https://cdn-images.welcometothejungle.com/Zn4aEaSwfOUTTPfodvy4GxFLoTtqFQyvu7NiCzxKjJQ/rs:auto:70::/q:85/czM6Ly93dHRqLXByb2R1Y3Rpb24vdXBsb2Fkcy9vcmdhbml6YXRpb24vbG9nby85NjU5LzE1Mjg3Ny9iNGMwMWIzMS00YjhmLTRkMjYtOTIxNS0yNzhjMjc5NmZkZjEuanBn,Paris,CDI,T√©l√©travail fr√©quent,2024-05-16T02:24:08Z
Consultant Senior Data Engineer H/F - CDI,https://www.welcometothejungle.com/fr/companies/converteo/jobs/consultant-senior-data-engineer-h-f-cdi_paris?q=63f725260f0b5664263b6c6b8862ee38&o=e352cb69-cc49-40d4-80b4-623ec56417d5,Salaire : Non sp√©cifi√©,Converteo,"Digital Marketing / Data Marketing, IT / Digital, Strat√©gie",https://cdn-images.welcometothejungle.com/emzrin2C6rXqqdyKIlLwZ_6-N4JX19GvEm0aJcIIUTo/rs:auto:70::/q:85/czM6Ly93dHRqLXByb2R1Y3Rpb24vdXBsb2Fkcy9vcmdhbml6YXRpb24vbG9nby85NjE4LzE0NDg4Ny80N2YxYmI5Zi1jZGMwLTQ0OTMtYjUxZS05NGM5OTIxZTQ2OTAucG5n,Paris,CDI,T√©l√©travail occasionnel,2024-05-13T06:52:16Z
Senior Data Engineer (F/H/X),https://www.welcometothejungle.com/fr/companies/publicis-france-1/jobs/senior-data-engineer-f-h-x_paris?q=63f725260f0b5664263b6c6b8862ee38&o=c8305d2e-5479-4e93-8443-ffb7f8349a6b,Salaire : Non sp√©cifi√©,Publicis France,"Marketing / Communication, Publicit√©, Digital, Relations publiques, AdTech  / MarTech, Ev√©nementiel, Design",https://cdn-images.welcometothejungle.com/vRb_AI9u06mkYOo3Psj6JDFip0cRymrFdVcCcU0o0U4/rs:auto:70::/q:85/czM6Ly93dHRqLXByb2R1Y3Rpb24vdXBsb2Fkcy9vcmdhbml6YXRpb24vbG9nby85MDgwLzE2NzAyNC82YjBkZDYzYy04MGNkLTQ4MTQtODdmNC05NTM1NjY0OTU4NTAucG5n,Paris,CDI,T√©l√©travail non autoris√©,2024-05-28T23:46:53Z
Senior Software Engineer - Sales Marketing & Data (x/f/m),https://www.welcometothejungle.com/fr/companies/doctolib/jobs/senior-software-engineer-x-f-m_nantes_DOCTO_68eQ5Dp?q=63f725260f0b5664263b6c6b8862ee38&o=f95b79c9-4e70-4b1c-96a3-4851fc494b0c,Salaire : Non sp√©cifi√©,Doctolib,"Application mobile, Logiciels, SaaS / Cloud Services, Sant√©",https://cdn-images.welcometothejungle.com/rGI3kJ414-wKPfHF2PhyB4cYUqfu2SxNgZTB5eKngks/rs:auto:70::/q:85/czM6Ly93dHRqLXByb2R1Y3Rpb24vdXBsb2Fkcy9vcmdhbml6YXRpb24vbG9nby8yNDQ1LzE0NDQ5Mi8yOTAzY2RiYi0zYjFlLTQzMWQtYTgyNS1jZGUyZDBkZTRiYjkucG5n,Nantes,CDI,T√©l√©travail occasionnel,2024-05-22T02:04:04Z
Senior Data engineer (H/F),https://www.welcometothejungle.com/fr/companies/believe-digital/jobs/senior-data-engineer-h-f_paris_BELIE_o2Dm2wL?q=63f725260f0b5664263b6c6b8862ee38&o=d6c9e804-007c-4928-b82b-fb40559670b5,Salaire : Non sp√©cifi√©,Believe,Musique,https://cdn-images.welcometothejungle.com/Zn4aEaSwfOUTTPfodvy4GxFLoTtqFQyvu7NiCzxKjJQ/rs:auto:70::/q:85/czM6Ly93dHRqLXByb2R1Y3Rpb24vdXBsb2Fkcy9vcmdhbml6YXRpb24vbG9nby85NjU5LzE1Mjg3Ny9iNGMwMWIzMS00YjhmLTRkMjYtOTIxNS0yNzhjMjc5NmZkZjEuanBn,Paris,CDI,T√©l√©travail fr√©quent,2024-06-11T01:39:20Z
Consultant Senior - Data Gouvernance (F/H),https://www.welcometothejungle.com/fr/companies/square-management/jobs/consultant-senior-data-gouvernance-f-h_neuilly-sur-seine?q=63f725260f0b5664263b6c6b8862ee38&o=9ae531f7-1832-45d1-ad15-96493e20f138,Salaire : Non sp√©cifi√©,Square Management,"Organisation / Management, Strat√©gie, Transformation",https://cdn-images.welcometothejungle.com/ha9K21pifMiIS4tbxp99K3E4hmrWi40RCf1ravygnDQ/rs:auto:70::/q:85/czM6Ly93dHRqLXByb2R1Y3Rpb24vdXBsb2Fkcy9vcmdhbml6YXRpb24vbG9nby82NTA2LzE2MzQwMi82YmIxMWEyOS04ZWYxLTQzNjAtODU4MS01OTgzZWFjN2Q1MzAuanBn,Neuilly-sur-Seine,CDI,T√©l√©travail occasionnel,2024-07-02T13:22:00Z
Intermediate/Senior Data Engineer - Scientific Engine - CDI,https://www.welcometothejungle.com/fr/companies/descartesunderwriting/jobs/intermediate-senior-data-engineer-scientific-engine-cdi_paris?q=63f725260f0b5664263b6c6b8862ee38&o=aaa3253e-9604-4b58-adab-1a8a580d0497,Salaire : Non sp√©cifi√©,Descartes Underwriting,"Intelligence artificielle / Machine Learning, Assurance, FinTech / InsurTech",https://cdn-images.welcometothejungle.com/tIQGA4dOspK-6ajzarVFqA-zAoo-xSAlk67XGNbsQkA/rs:auto:70::/q:85/czM6Ly93dHRqLXByb2R1Y3Rpb24vdXBsb2Fkcy9vcmdhbml6YXRpb24vbG9nby8yMTcwLzE2MzE1NC9iNjlhNzA2NS1jYmM2LTQ2ZDYtOGNmOC1kMGE5Mjc2NzFiMDMucG5n,Paris,CDI,T√©l√©travail fr√©quent,2024-06-05T10:01:48Z
Senior Data Engineer (H/F/N) - Paris,https://www.welcometothejungle.com/fr/companies/ekimetrics/jobs/senior-data-engineer-h-f-n-paris_paris_EKIME_LbN3ab3?q=63f725260f0b5664263b6c6b8862ee38&o=bb096024-b10a-4a3d-9b5e-03cf1422bd46,Salaire : Non sp√©cifi√©,Ekimetrics,"IT / Digital, Strat√©gie, Audit, Big Data",https://cdn-images.welcometothejungle.com/R-jQOrOGjsTLAwCSkn6Yjwf6hZVqD9g5X69n8siWAyo/rs:auto:70::/q:85/czM6Ly93dHRqLXByb2R1Y3Rpb24vdXBsb2Fkcy9vcmdhbml6YXRpb24vbG9nby80MTI0LzE0ODg4OS84ODZkNzBmMi03YTNjLTQ3M2YtYjFmMS03ODBjNTEzYjI5OGIucG5n,Paris,CDI,T√©l√©travail fr√©quent,2024-05-16T00:58:43Z
Senior Data Engineer,https://www.welcometothejungle.com/fr/companies/predictice/jobs/senior_paris?q=63f725260f0b5664263b6c6b8862ee38&o=0da201a8-67ed-477f-bd76-4f1805f9ba66,Salaire : Non sp√©cifi√©,Predictice,"Service juridique, Justice",https://cdn-images.welcometothejungle.com/Wr5wA1rs2ZwGoBgG_pB8DGuWVQC8GTPFD9TgoH_oqeA/rs:auto:70::/q:85/czM6Ly93dHRqLXByb2R1Y3Rpb24vdXBsb2Fkcy9vcmdhbml6YXRpb24vbG9nby81NTQwLzE1MjA1Mi9kMDYxZmIzNi03M2UzLTRhNzMtODBlMy1mNjdjMDNkM2YyMzAucG5n,Paris,CDI,T√©l√©travail total,2024-06-06T13:16:20Z
Senior BW Data Engineer - SAP Analytics (f/m/d),https://www.welcometothejungle.com/fr/companies/decathlon-digital/jobs/senior-bw-data-engineer-sap-analytics-f-m-d_croix?q=63f725260f0b5664263b6c6b8862ee38&o=37802054-8ded-46c1-9078-3aab2a63117b,Salaire : Non sp√©cifi√©,Decathlon Digital,"Application mobile, Logiciels, Cybers√©curit√©, Sport, E-commerce, Grande distribution",https://cdn-images.welcometothejungle.com/c6x3vd7MdE-ZqfTX4zodKASEZy0OuIs9BGVEejCFpwI/rs:auto:70::/q:85/czM6Ly93dHRqLXByb2R1Y3Rpb24vdXBsb2Fkcy9vcmdhbml6YXRpb24vbG9nby85MzQ4LzE2MzQ2NS80NWIzYjE3OC03ZjAxLTRlMmEtOTRiYi1kMjM4NjQxYmQxZmIucG5n,Croix,CDI,T√©l√©travail fr√©quent,2024-05-19T23:42:12Z
Senior Back-end Engineer ‚Äî Data sensibilities H/F,https://www.welcometothejungle.com/fr/companies/fabriq/jobs/senior-back-end-engineer-data-sensibilities-h-f_paris?q=63f725260f0b5664263b6c6b8862ee38&o=57615b6c-7414-43de-8986-0cd2b2214b12,Salaire : Non sp√©cifi√©,Fabriq,"Logiciels, SaaS / Cloud Services",https://cdn-images.welcometothejungle.com/lJBm2Q6PCv0lFAR4bLXsAvP2dBohTBfBLvVIzE-_pKY/rs:auto:70::/q:85/czM6Ly93dHRqLXByb2R1Y3Rpb24vdXBsb2Fkcy9vcmdhbml6YXRpb24vbG9nby84NzUyLzE1NzE2NC82YTE1Y2QwZC05Zjc2LTQ3NGEtOTY4NS1hYzY2NjZiNzVhOWIucG5n,Paris,CDI,T√©l√©travail total,2024-06-18T14:20:13Z
Senior Data Engineer,https://www.welcometothejungle.com/fr/companies/yubo/jobs/senior-data-engineer_paris_YUBO_j0aJb0J?q=63f725260f0b5664263b6c6b8862ee38&o=a6a9f31d-c48b-4a63-9a9a-a045cc620634,Salaire : Non sp√©cifi√©,Yubo,Application mobile,https://cdn-images.welcometothejungle.com/cUATvTvTP0sB6TFI9nOIQRe5n-N7Kssd2aXT5RrVqsk/rs:auto:70::/q:85/czM6Ly93dHRqLXByb2R1Y3Rpb24vdXBsb2Fkcy9vcmdhbml6YXRpb24vbG9nby8xNTk2LzE1Mjk2OC9lYjExYzYzZC1iOWRmLTQwNzQtOWMxNS1lYzMwYjlmNmZiNjEucG5n,Paris,CDI,T√©l√©travail fr√©quent,2024-06-11T16:22:17Z
Senior Software Engineer - Sales Marketing & Data (x/f/m),https://www.welcometothejungle.com/fr/companies/doctolib/jobs/senior-software-engineer-x-f-m_nantes_DOCTO_WlkARbr?q=63f725260f0b5664263b6c6b8862ee38&o=cff91dce-f3f0-40a7-bd42-3564ac3ad648,Salaire : Non sp√©cifi√©,Doctolib,"Application mobile, Logiciels, SaaS / Cloud Services, Sant√©",https://cdn-images.welcometothejungle.com/rGI3kJ414-wKPfHF2PhyB4cYUqfu2SxNgZTB5eKngks/rs:auto:70::/q:85/czM6Ly93dHRqLXByb2R1Y3Rpb24vdXBsb2Fkcy9vcmdhbml6YXRpb24vbG9nby8yNDQ1LzE0NDQ5Mi8yOTAzY2RiYi0zYjFlLTQzMWQtYTgyNS1jZGUyZDBkZTRiYjkucG5n,Nantes,CDI,T√©l√©travail occasionnel,2024-06-02T01:52:27Z
Senior Data Engineer (F/H/X),https://www.welcometothejungle.com/fr/companies/epsilon/jobs/senior-data-engineer-f-h-x_paris?q=63f725260f0b5664263b6c6b8862ee38&o=af2da539-1710-43c4-8751-8bb57c5b8a8b,Salaire : Non sp√©cifi√©,EPSILON France,"Digital Marketing / Data Marketing, Big Data, AdTech  / MarTech",https://cdn-images.welcometothejungle.com/i8tuMFPwFW3_enDFMp30iHMlBUfPZq6jU780wR8B1rs/rs:auto:70::/q:85/czM6Ly93dHRqLXByb2R1Y3Rpb24vdXBsb2Fkcy9vcmdhbml6YXRpb24vbG9nby80NjkxLzE2NTY1OS9mMjJhZTkyOC1jMzM1LTQ0NTMtYTJhMS0yOGNjMDgwMTY3ODQuanBn,Paris,CDI,T√©l√©travail non autoris√©,2024-05-29T00:03:09Z
Senior Software and Data Engineer,https://www.welcometothejungle.com/fr/companies/pelico/jobs/senior-software-and-data-engineer_paris_PELIC_Rk3xDOp?q=63f725260f0b5664263b6c6b8862ee38&o=377b5dd0-a34f-45c0-8781-4b1fc537fb3a,Salaire : Non sp√©cifi√©,Pelico,Intelligence artificielle / Machine Learning,https://cdn-images.welcometothejungle.com/7z6DRteIg4WyXcgioetvt7rIAWbzFjLZjnDNdtECB90/rs:auto:70::/q:85/czM6Ly93dHRqLXByb2R1Y3Rpb24vdXBsb2Fkcy9vcmdhbml6YXRpb24vbG9nby81ODc5LzE1ODE5My9jMDA3NDMwMS0yNWYwLTRhZTktYTU2NC03MzIxZDkyMGZlMzYucG5n,Paris,CDI,T√©l√©travail non autoris√©,2024-06-11T08:53:45Z
Senior Data Engineer (F/M),https://www.welcometothejungle.com/fr/companies/acc-automotive-cells-company/jobs/senior-data-engineer-f-m_bruges_AACC_boqDRpm?q=63f725260f0b5664263b6c6b8862ee38&o=d5653bbc-38e4-4178-97b1-df95c38f601e,Salaire : Non sp√©cifi√©,ACC - Automotive Cells Company,"Ing√©nieries Sp√©cialis√©es, Energie, Automobile",https://cdn-images.welcometothejungle.com/hZMpdAGzjzA2FWfB9edeoles1JKgOfJwNoaDRV1HIj8/rs:auto:70::/q:85/czM6Ly93dHRqLXByb2R1Y3Rpb24vdXBsb2Fkcy9vcmdhbml6YXRpb24vbG9nby8wMTM3LzE2NzQ1Ni8xOWYzNmQwZC1kNGIzLTRhZTYtYjVhNS00YjhlNWM0ZTMyZTQucG5n,Bruges,CDI,T√©l√©travail non autoris√©,2024-05-28T14:00:26Z
Senior Data Engineer,https://www.welcometothejungle.com/fr/companies/preligens/jobs/senior-data-engineer_paris_PRELI_KxR850z?q=63f725260f0b5664263b6c6b8862ee38&o=e6604639-2b98-4c7d-84e6-9cf204bcb221,Salaire : Non sp√©cifi√©,Preligens,"Intelligence artificielle / Machine Learning, Big Data",https://cdn-images.welcometothejungle.com/iCGCIDcOCJtSZgLcbNpjIPNw-J-_6vqB4_vBQcrZgaw/rs:auto:70::/q:85/czM6Ly93dHRqLXByb2R1Y3Rpb24vdXBsb2Fkcy9vcmdhbml6YXRpb24vbG9nby83OTczLzE1MTE4NS9mNDQwNjY0YS0wZjM0LTQ5NWYtOTkzYi04MjlhYTIyZmNhMGQucG5n,Paris,CDI,T√©l√©travail fr√©quent,2024-05-14T01:35:16Z
Senior Data Engineer,https://www.welcometothejungle.com/fr/companies/inato/jobs/senior-data-engineer_paris?q=63f725260f0b5664263b6c6b8862ee38&o=92a04e2c-0750-4d2d-af67-f61c4e3eb10c,Salaire : 70K √† 80K¬†‚Ç¨,Inato,"Logiciels, Pharmaceutique / Biotechnologique, Sant√©",https://cdn-images.welcometothejungle.com/4pzY5MGpZ4g3o7uGpUG_LwLzRyOP-RI_PKE8NUp02K8/rs:auto:70::/q:85/czM6Ly93dHRqLXByb2R1Y3Rpb24vdXBsb2Fkcy9vcmdhbml6YXRpb24vbG9nby8xNDEzLzE1MDE1MS85MGZiN2I1YS0zZDhiLTRkZGItOTNiOS00YWQyM2Y5ZDA3YzEucG5n,Paris,CDI,T√©l√©travail total,2024-06-11T00:08:16Z
Senior Data Software Engineer,https://www.welcometothejungle.com/fr/companies/weefin/jobs/senior-data-software-engineer_paris_WEEFI_NPLP7q1?q=63f725260f0b5664263b6c6b8862ee38&o=f7e79158-43a0-4780-9f81-76c8255cec38,Salaire : Non sp√©cifi√©,WeeFin,"Strat√©gie, Transformation, FinTech / InsurTech",https://cdn-images.welcometothejungle.com/8B920vn8iWi9TW7nGCm3yQR0nRtatiW0G96i4LrQWoE/rs:auto:70::/q:85/czM6Ly93dHRqLXByb2R1Y3Rpb24vdXBsb2Fkcy9vcmdhbml6YXRpb24vbG9nby8wMDYyLzE1NDc0OC8yNDJiZmQyYy0wNWZiLTQ2MTctYjE2NC0yNTUwNWMzMzRkOWIucG5n,Paris,CDI,T√©l√©travail total,2024-06-14T07:43:35Z
Senior Data Engineer M/F,https://www.welcometothejungle.com/fr/companies/splio/jobs/senior-data-engineer-m-f_paris_SPLIO_kylXXNZ?q=63f725260f0b5664263b6c6b8862ee38&o=fd2df1f7-599f-48c2-956e-179fcc38f3a0,Salaire : Non sp√©cifi√©,Splio,"Digital Marketing / Data Marketing, IT / Digital, Marketing / Communication",https://cdn-images.welcometothejungle.com/w9isWY_B9IY4K5xekD_zU48L1c2-rtyRE8964VW8gLw/rs:auto:70::/q:85/czM6Ly93dHRqLXByb2R1Y3Rpb24vdXBsb2Fkcy9vcmdhbml6YXRpb24vbG9nby84NjI2LzE1MTU1Ny8zNWI2YmM2ZC1mNjlmLTQxMjAtYWU3My1kNDhiZDJjZjg5MTEucG5n,Paris,CDI,T√©l√©travail fr√©quent,2024-06-03T09:39:50Z
Senior Software Engineer - Data Security & Privacy (x/f/m),https://www.welcometothejungle.com/fr/companies/doctolib/jobs/senior-software-engineer-data-security-privacy-x-f-m_paris?q=63f725260f0b5664263b6c6b8862ee38&o=86ed664f-3075-456f-b6d8-91ecdb5cb102,Salaire : Non sp√©cifi√©,Doctolib,"Application mobile, Logiciels, SaaS / Cloud Services, Sant√©",https://cdn-images.welcometothejungle.com/rGI3kJ414-wKPfHF2PhyB4cYUqfu2SxNgZTB5eKngks/rs:auto:70::/q:85/czM6Ly93dHRqLXByb2R1Y3Rpb24vdXBsb2Fkcy9vcmdhbml6YXRpb24vbG9nby8yNDQ1LzE0NDQ5Mi8yOTAzY2RiYi0zYjFlLTQzMWQtYTgyNS1jZGUyZDBkZTRiYjkucG5n,Paris,CDI,T√©l√©travail occasionnel,2024-06-16T01:34:55Z
Senior Data engineer (H/F),https://www.welcometothejungle.com/fr/companies/believe-digital/jobs/senior-data-engineer-h-f_paris_BELIE_rdeXa4Z?q=63f725260f0b5664263b6c6b8862ee38&o=d14c58c5-9ee9-4093-b4ce-fffff87bf48c,Salaire : Non sp√©cifi√©,Believe,Musique,https://cdn-images.welcometothejungle.com/Zn4aEaSwfOUTTPfodvy4GxFLoTtqFQyvu7NiCzxKjJQ/rs:auto:70::/q:85/czM6Ly93dHRqLXByb2R1Y3Rpb24vdXBsb2Fkcy9vcmdhbml6YXRpb24vbG9nby85NjU5LzE1Mjg3Ny9iNGMwMWIzMS00YjhmLTRkMjYtOTIxNS0yNzhjMjc5NmZkZjEuanBn,Paris,CDI,T√©l√©travail fr√©quent,2024-06-12T01:35:57Z
Senior Data Engineer,https://www.welcometothejungle.com/fr/companies/ogury/jobs/senior-data-engineer_paris?q=63f725260f0b5664263b6c6b8862ee38&o=83439e84-81f6-410a-9448-68b7e50fdee5,Salaire : Non sp√©cifi√©,Ogury,"Marketing / Communication, Publicit√©, AdTech  / MarTech",https://cdn-images.welcometothejungle.com/nbdN8lKtNwTCmr9tGp8Ob2th8zXadh4emoHZg622-aM/rs:auto:70::/q:85/czM6Ly93dHRqLXByb2R1Y3Rpb24vdXBsb2Fkcy9vcmdhbml6YXRpb24vbG9nby8yODEzLzE1OTIzMS9lNjNkZWU4YS0zNjg3LTQ3OWMtYjAxNS05YmUyOTY1ZGFjNjEucG5n,Paris,CDI,T√©l√©travail fr√©quent,2024-05-22T00:38:36Z
Senior Data Engineer | LLM/Python,https://www.welcometothejungle.com/fr/companies/jus-mundi/jobs/senior-data-engineer-llm-python_paris?q=63f725260f0b5664263b6c6b8862ee38&o=056f2869-104d-436d-af69-cf974cc56c2a,Salaire : Non sp√©cifi√©,Jus Mundi,"Intelligence artificielle / Machine Learning, Service juridique, Justice",https://cdn-images.welcometothejungle.com/ThRTio7npAfhVWN6kKAB3gZO_5V2-4Re4EiYqpjqS2A/rs:auto:70::/q:85/czM6Ly93dHRqLXByb2R1Y3Rpb24vdXBsb2Fkcy9vcmdhbml6YXRpb24vbG9nby80MzQxLzE1NzIzNC9iNjdhNzNmNC00YWNlLTQ3YTktOWEzZi1hZTFlZDllZDBiZGMucG5n,Paris,CDI,T√©l√©travail fr√©quent,2024-06-18T08:50:31Z
Senior Data Engineer (H/F),https://www.welcometothejungle.com/fr/companies/relevan/jobs/head-of-data-engineering-lead-data-engineer_paris?q=63f725260f0b5664263b6c6b8862ee38&o=f4685cd6-af24-4e79-a744-f006883d0af4,Salaire : 60K √† 70K¬†‚Ç¨,relevanC,"SaaS / Cloud Services, Digital, AdTech  / MarTech",https://cdn-images.welcometothejungle.com/oTEGiKK8IPH7XPkiWnTFkn94FoXQa_AGRXlQWZLTQbI/rs:auto:70::/q:85/czM6Ly93dHRqLXByb2R1Y3Rpb24vdXBsb2Fkcy9vcmdhbml6YXRpb24vbG9nby84NzI2LzE1NTkxMS9hYTNmMGQ0ZC1lY2RiLTRjYTktOTkxMi02MjFjMDllY2NlNjAucG5n,Paris,CDI,T√©l√©travail fr√©quent,2024-06-05T15:01:53Z
Senior AWS Machine Learning Engineer (F/H/X),https://www.welcometothejungle.com/fr/companies/reply-france/jobs/aws-machine-learning-engineer-f-h-x_paris?q=b05a07b77549f6ba30e4434cb68db4dc&o=4cea9e3f-1eab-45d1-8eb1-2accfa252e89,Salaire : Non sp√©cifi√©,Reply,"SaaS / Cloud Services, Objets connect√©s, Big Data",https://cdn-images.welcometothejungle.com/a7Bsi6nd07qdJs5MqCqoT5m-GWoVAM6SYuqqne2aK-8/rs:auto:70::/q:85/czM6Ly93dHRqLXByb2R1Y3Rpb24vdXBsb2Fkcy9vcmdhbml6YXRpb24vbG9nby84NjM1LzE2NjQ1NC8xZTNjMTllMC05MTZmLTQ0NTgtODhlNi0wZWYyNWVhNzcyYTEuanBn,Paris,CDI,T√©l√©travail fr√©quent,2024-07-05T09:57:07Z
Senior Machine Learning Engineer - Demand & Assortment Planning (Supply Chain) (f/m/d) ,https://www.welcometothejungle.com/fr/companies/decathlon-digital/jobs/senior-machine-learning-engineer-demand-assortment-planning-supply-chain-f-m-d_croix?q=b05a07b77549f6ba30e4434cb68db4dc&o=fab68b3f-1ea4-48df-bf17-808e33b8dea5,Salaire : Non sp√©cifi√©,Decathlon Digital,"Application mobile, Logiciels, Cybers√©curit√©, Sport, E-commerce, Grande distribution",https://cdn-images.welcometothejungle.com/c6x3vd7MdE-ZqfTX4zodKASEZy0OuIs9BGVEejCFpwI/rs:auto:70::/q:85/czM6Ly93dHRqLXByb2R1Y3Rpb24vdXBsb2Fkcy9vcmdhbml6YXRpb24vbG9nby85MzQ4LzE2MzQ2NS80NWIzYjE3OC03ZjAxLTRlMmEtOTRiYi1kMjM4NjQxYmQxZmIucG5n,Croix,CDI,T√©l√©travail fr√©quent,2024-05-11T22:22:59Z
Senior BI Engineer - Expert Tableau Sports & Products,https://www.welcometothejungle.com/fr/companies/decathlon-digital/jobs/senior-bi-engineer-sports-products_paris?q=b05a07b77549f6ba30e4434cb68db4dc&o=958c25b7-3576-48ac-95f2-720a4a0c3d78,Salaire : Non sp√©cifi√©,Decathlon Digital,"Application mobile, Logiciels, Cybers√©curit√©, Sport, E-commerce, Grande distribution",https://cdn-images.welcometothejungle.com/c6x3vd7MdE-ZqfTX4zodKASEZy0OuIs9BGVEejCFpwI/rs:auto:70::/q:85/czM6Ly93dHRqLXByb2R1Y3Rpb24vdXBsb2Fkcy9vcmdhbml6YXRpb24vbG9nby85MzQ4LzE2MzQ2NS80NWIzYjE3OC03ZjAxLTRlMmEtOTRiYi1kMjM4NjQxYmQxZmIucG5n,Paris,CDI,T√©l√©travail fr√©quent,2024-06-02T00:04:39Z
Senior/Lead Analytics Engineer,https://www.welcometothejungle.com/fr/companies/arkhn/jobs/senior-lead-analytics-engineer_paris?q=b05a07b77549f6ba30e4434cb68db4dc&o=2d51053b-9476-4ef9-a25b-55a6f3386410,Salaire : Non sp√©cifi√©,Arkhn,"Intelligence artificielle / Machine Learning, Big Data, Sant√©",https://cdn-images.welcometothejungle.com/Psk3EOl2mqyYVUN7SiEn-xXgjixKTsDRmFtg4CEECSc/rs:auto:70::/q:85/czM6Ly93dHRqLXByb2R1Y3Rpb24vdXBsb2Fkcy9vcmdhbml6YXRpb24vbG9nby8yMjYyLzE2MTE5NS9mNjgzMGI5Yy1mNTI2LTRlMTgtOWQ5Ny1jNjA1YzI5YWRjNjYucG5n,Paris,CDI,T√©l√©travail fr√©quent,2024-05-14T07:04:43Z
D√©veloppeur senior Infrastructure As Code et Kubernetes,https://www.welcometothejungle.com/fr/companies/health-data-hub/jobs/senior-devops-engineer-azure-engineer-h-f-dev-infra-spe_paris?q=b05a07b77549f6ba30e4434cb68db4dc&o=3db4b987-6ab8-45cb-91da-cf5b8cc257d3,Salaire : Non sp√©cifi√©,Health Data Hub,"Intelligence artificielle / Machine Learning, Sant√©",https://cdn-images.welcometothejungle.com/qFtEXx6wkXMAIrqRGedrBoSyQqgh-1790JIDFrhBxsI/rs:auto:70::/q:85/czM6Ly93dHRqLXByb2R1Y3Rpb24vdXBsb2Fkcy9vcmdhbml6YXRpb24vbG9nby84NDgyLzE1ODI1NC9iYzNiZGVkNy1lYTdmLTQwNmQtYTJjNC0yMzVmMDEzMmI2NGQucG5n,Paris,CDI,T√©l√©travail fr√©quent,2024-06-17T10:05:27Z
Senior Machine Learning Engineer (H/F/N),https://www.welcometothejungle.com/fr/companies/ekimetrics/jobs/senior-machine-learning-engineer-h-f-n_paris?q=b05a07b77549f6ba30e4434cb68db4dc&o=f5d31943-ab91-495a-aeb7-e2da35884b5c,Salaire : 57K √† 80K¬†‚Ç¨,Ekimetrics,"IT / Digital, Strat√©gie, Audit, Big Data",https://cdn-images.welcometothejungle.com/R-jQOrOGjsTLAwCSkn6Yjwf6hZVqD9g5X69n8siWAyo/rs:auto:70::/q:85/czM6Ly93dHRqLXByb2R1Y3Rpb24vdXBsb2Fkcy9vcmdhbml6YXRpb24vbG9nby80MTI0LzE0ODg4OS84ODZkNzBmMi03YTNjLTQ3M2YtYjFmMS03ODBjNTEzYjI5OGIucG5n,Paris,CDI,T√©l√©travail fr√©quent,2024-06-04T00:24:14Z
Senior Analytics Engineer,https://www.welcometothejungle.com/fr/companies/lenstra/jobs/senior-analytics-engineer_paris?q=b05a07b77549f6ba30e4434cb68db4dc&o=e2f3081b-69b3-43e6-8fb6-a99aba794692,Salaire : Non sp√©cifi√©,Lenstra,"Logiciels, Intelligence artificielle / Machine Learning, SaaS / Cloud Services",https://cdn-images.welcometothejungle.com/F782AilVlWZLCvu9DwJD-dMbjayOLliM12QnhncLF_U/rs:auto:70::/q:85/czM6Ly93dHRqLXByb2R1Y3Rpb24vdXBsb2Fkcy9vcmdhbml6YXRpb24vbG9nby81NTE2LzE2ODYzMS9kNzBhZDM0Yi1iOWM5LTRkOWItYjdlYS1kNDJiZTY5ZDlkMmIucG5n,Paris,CDI,T√©l√©travail total,2024-06-17T09:51:47Z
Senior AI Software Engineer,https://www.welcometothejungle.com/fr/companies/kili-technology/jobs/senior-ai-software-engineer_paris?q=b05a07b77549f6ba30e4434cb68db4dc&o=e03acb93-ade1-462d-9361-46dfbd9816ef,Salaire : Non sp√©cifi√©,Kili Technology,Intelligence artificielle / Machine Learning,https://cdn-images.welcometothejungle.com/A48h3p6UB2noog8J9ICDw_5cSCc7KJnIrCrDhG2kRKQ/rs:auto:70::/q:85/czM6Ly93dHRqLXByb2R1Y3Rpb24vdXBsb2Fkcy9vcmdhbml6YXRpb24vbG9nby8wMDU0LzE2MTAzOC84YTNkNjA2NC0zODU4LTQ4ZDUtOTcwMS1iNWQ1YjY5NDg4ODkucG5n,Paris,CDI,T√©l√©travail fr√©quent,2024-07-02T01:09:49Z
SENIOR DIRECTOR DATA ENGINEERING,https://www.welcometothejungle.com/fr/companies/publicis-sapient/jobs/senior-director-data-engineering_paris_PS_plXzAYR?q=b05a07b77549f6ba30e4434cb68db4dc&o=a6eec29e-9af9-4fae-b628-28ad1e8caedc,Salaire : Non sp√©cifi√©,Publicis Sapient,IT / Digital,https://cdn-images.welcometothejungle.com/X_SyrijRN_jWal88xuLoC5E1k79g27-SJYFvGKGS7DQ/rs:auto:70::/q:85/czM6Ly93dHRqLXByb2R1Y3Rpb24vdXBsb2Fkcy9vcmdhbml6YXRpb24vbG9nby83ODA2LzE2MzExMC81OGJkM2MxMC03MTljLTQ1NGQtOTFhZS0xN2VhODg1OTRjYTIucG5n,Paris,CDI,T√©l√©travail non autoris√©,2024-06-21T23:24:17Z
Senior Analytics Engineer (x/f/m),https://www.welcometothejungle.com/fr/companies/doctolib/jobs/analytics-engineer-x-f-m_levallois-perret_DOCTO_WAeDZWl?q=b05a07b77549f6ba30e4434cb68db4dc&o=381fe9cd-122c-4418-b61c-2c0fd5263c96,Salaire : Non sp√©cifi√©,Doctolib,"Application mobile, Logiciels, SaaS / Cloud Services, Sant√©",https://cdn-images.welcometothejungle.com/rGI3kJ414-wKPfHF2PhyB4cYUqfu2SxNgZTB5eKngks/rs:auto:70::/q:85/czM6Ly93dHRqLXByb2R1Y3Rpb24vdXBsb2Fkcy9vcmdhbml6YXRpb24vbG9nby8yNDQ1LzE0NDQ5Mi8yOTAzY2RiYi0zYjFlLTQzMWQtYTgyNS1jZGUyZDBkZTRiYjkucG5n,Paris,CDI,T√©l√©travail occasionnel,2024-06-16T01:35:10Z
Ing√©nieur / Ing√©nieure Bases de Donn√©es senior-Montpellier,https://www.welcometothejungle.com/fr/companies/capgemini/jobs/ingenieur-ingenieure-bases-de-donnees-senior-montpellier_montpellier_CAPGE_xmzpRWr?q=b05a07b77549f6ba30e4434cb68db4dc&o=0cd81cb7-7e22-4304-b025-c038879f43ae,Salaire : Non sp√©cifi√©,Capgemini,"IT / Digital, Organisation / Management, Strat√©gie, Transformation",https://cdn-images.welcometothejungle.com/Bl8YhKGqcMqUgZ_DoS0bnjS76wyFf0fMUOBuccQMbPc/rs:auto:70::/q:85/czM6Ly93dHRqLXByb2R1Y3Rpb24vdXBsb2Fkcy9vcmdhbml6YXRpb24vbG9nby81NTEwLzE0OTQzMy83NzAwYTA1NC1kMmUxLTRkZTYtYTE5NC05OTkxZmY3OTYxNzcuanBn,Montpellier,CDI,T√©l√©travail non autoris√©,2024-07-01T13:20:07Z
SENIOR DIRECTOR DATA ENGINEERING,https://www.welcometothejungle.com/fr/companies/publicis-france-1/jobs/senior-director-data-engineering_paris_PF_976YyYm?q=b05a07b77549f6ba30e4434cb68db4dc&o=64d0527a-4ba8-43e0-9a90-93381eafa021,Salaire : Non sp√©cifi√©,Publicis France,"Marketing / Communication, Publicit√©, Digital, Relations publiques, AdTech  / MarTech, Ev√©nementiel, Design",https://cdn-images.welcometothejungle.com/vRb_AI9u06mkYOo3Psj6JDFip0cRymrFdVcCcU0o0U4/rs:auto:70::/q:85/czM6Ly93dHRqLXByb2R1Y3Rpb24vdXBsb2Fkcy9vcmdhbml6YXRpb24vbG9nby85MDgwLzE2NzAyNC82YjBkZDYzYy04MGNkLTQ4MTQtODdmNC05NTM1NjY0OTU4NTAucG5n,Paris,CDI,T√©l√©travail non autoris√©,2024-06-21T23:49:11Z
Senior Computer Vision and Machine Learning Engineer,https://www.welcometothejungle.com/fr/companies/monk-ai/jobs/senior-machine-learning-engineer-with-computer-vision-engineer_paris?q=b05a07b77549f6ba30e4434cb68db4dc&o=a9ad7eb7-cd9e-4a40-8640-57fddee23c7f,Salaire : Non sp√©cifi√©,Monk AI,"Logiciels, Intelligence artificielle / Machine Learning, SaaS / Cloud Services",https://cdn-images.welcometothejungle.com/B0ZARJUqQsjIs7iOSNpDhGaED_UTdqs0ZhLJeLGM6XY/rs:auto:70::/q:85/czM6Ly93dHRqLXByb2R1Y3Rpb24vdXBsb2Fkcy9vcmdhbml6YXRpb24vbG9nby83NDMzLzE2ODEyMi9lNzczMGFlMi02NWYyLTRmNTktOTUzZC0xODBkMDJjMzdjZGIucG5n,Paris,CDI,T√©l√©travail fr√©quent,2024-06-10T14:41:07Z
Consultant¬∑e Data Governance - Confirm√©¬∑e / Senior,https://www.welcometothejungle.com/fr/companies/saegus/jobs/consultant-e-data-governance-confirme-e-senior_paris?q=b05a07b77549f6ba30e4434cb68db4dc&o=18d3788f-7be0-42f4-afcc-6e2682c38c14,Salaire : 45 √† 62¬†‚Ç¨,Saegus,"IT / Digital, Strat√©gie",https://cdn-images.welcometothejungle.com/eVWDXCxaqUEBTR9ivnsGzYsaIUN6f8zMhIjQwBHwehU/rs:auto:70::/q:85/czM6Ly93dHRqLXByb2R1Y3Rpb24vdXBsb2Fkcy9vcmdhbml6YXRpb24vbG9nby81Nzc5LzE1NzYwNy9kN2MxMjE4My1lMjkwLTQ1MzAtYjA1Mi0yMDIwNDg5NTRkNmMucG5n,Paris,CDI,T√©l√©travail occasionnel,2024-06-05T10:06:39Z
Senior BI Engineer (Tableau Software) - BCP (f/m/d),https://www.welcometothejungle.com/fr/companies/decathlon-digital/jobs/senior-bi-engineer-tableau-software-bcp-f-m-d_paris?q=b05a07b77549f6ba30e4434cb68db4dc&o=bd9f69cd-1ca7-46f4-ac73-87cd5587f15e,Salaire : Non sp√©cifi√©,Decathlon Digital,"Application mobile, Logiciels, Cybers√©curit√©, Sport, E-commerce, Grande distribution",https://cdn-images.welcometothejungle.com/c6x3vd7MdE-ZqfTX4zodKASEZy0OuIs9BGVEejCFpwI/rs:auto:70::/q:85/czM6Ly93dHRqLXByb2R1Y3Rpb24vdXBsb2Fkcy9vcmdhbml6YXRpb24vbG9nby85MzQ4LzE2MzQ2NS80NWIzYjE3OC03ZjAxLTRlMmEtOTRiYi1kMjM4NjQxYmQxZmIucG5n,Paris,CDI,T√©l√©travail fr√©quent,2024-05-12T23:42:14Z
Senior NLP Engineer,https://www.welcometothejungle.com/fr/companies/arkhn/jobs/senior-nlp-engineer_paris?q=b05a07b77549f6ba30e4434cb68db4dc&o=e4e63003-6825-44a2-befb-768644ecf112,Salaire : Non sp√©cifi√©,Arkhn,"Intelligence artificielle / Machine Learning, Big Data, Sant√©",https://cdn-images.welcometothejungle.com/Psk3EOl2mqyYVUN7SiEn-xXgjixKTsDRmFtg4CEECSc/rs:auto:70::/q:85/czM6Ly93dHRqLXByb2R1Y3Rpb24vdXBsb2Fkcy9vcmdhbml6YXRpb24vbG9nby8yMjYyLzE2MTE5NS9mNjgzMGI5Yy1mNTI2LTRlMTgtOWQ5Ny1jNjA1YzI5YWRjNjYucG5n,Paris,CDI,T√©l√©travail non autoris√©,2024-05-14T07:00:19Z
AI Engineer for 3D Animation (Junior/Senior),https://www.welcometothejungle.com/fr/companies/kinetix-tech/jobs/ai-engineer-for-3d-animation_paris?q=b05a07b77549f6ba30e4434cb68db4dc&o=ac830659-6ecf-4405-9ad5-ee06ff383bbe,Salaire : Non sp√©cifi√©,Kinetix,Intelligence artificielle / Machine Learning,https://cdn-images.welcometothejungle.com/ZMv1wi3XMTtMOghguER9AAjz9jWPebszf1cgD4ARg3s/rs:auto:70::/q:85/czM6Ly93dHRqLXByb2R1Y3Rpb24vdXBsb2Fkcy9vcmdhbml6YXRpb24vbG9nby80ODYzLzE1OTE3MS9lOWM0NjM0My04YzNhLTQyMDItYThmOS1lNTBiMDU3ZGNhNzYucG5n,Paris,CDI,T√©l√©travail total,2024-05-27T16:17:02Z
Senior BI Engineer (Tableau Software) - BCP (f/m/d),https://www.welcometothejungle.com/fr/companies/decathlon-digital/jobs/senior-bi-engineer-tableau-software-bcp-f-m-d_croix?q=b05a07b77549f6ba30e4434cb68db4dc&o=1a79c321-d217-42a6-9176-1ca71faa0f0a,Salaire : Non sp√©cifi√©,Decathlon Digital,"Application mobile, Logiciels, Cybers√©curit√©, Sport, E-commerce, Grande distribution",https://cdn-images.welcometothejungle.com/c6x3vd7MdE-ZqfTX4zodKASEZy0OuIs9BGVEejCFpwI/rs:auto:70::/q:85/czM6Ly93dHRqLXByb2R1Y3Rpb24vdXBsb2Fkcy9vcmdhbml6YXRpb24vbG9nby85MzQ4LzE2MzQ2NS80NWIzYjE3OC03ZjAxLTRlMmEtOTRiYi1kMjM4NjQxYmQxZmIucG5n,Croix,CDI,T√©l√©travail fr√©quent,2024-05-12T23:42:11Z
Ing√©nieur D√©veloppement Senior (H/F),https://www.welcometothejungle.com/fr/companies/data-legal-drive/jobs/ingenieur-developpement-senior-h-f_neuilly-sur-seine?q=b05a07b77549f6ba30e4434cb68db4dc&o=eb393e60-81a4-480d-8399-1583087861be,Salaire : 55K √† 70K¬†‚Ç¨,Data Legal Drive,"IT / Digital, SaaS / Cloud Services, Service juridique",https://cdn-images.welcometothejungle.com/YgnFTf-1SJyWJJ2i2aghtJn1r0KF7yFe-HCfjBXwq08/rs:auto:70::/q:85/czM6Ly93dHRqLXByb2R1Y3Rpb24vdXBsb2Fkcy9vcmdhbml6YXRpb24vbG9nby8zODc2LzE1NTc5Mi82ZjI2ZjFmNy1iNTc5LTRmOTEtODMzMi00NTJiZTc0ODc1ZmIuanBn,Neuilly-sur-Seine,CDI,T√©l√©travail fr√©quent,2024-06-18T08:47:19Z
Senior Analytics Engineer,https://www.welcometothejungle.com/fr/companies/lenstra/jobs/senior-analytics-engineer_paris_LENST_4D5QdDp?q=b05a07b77549f6ba30e4434cb68db4dc&o=d7d9578a-7f4d-491b-90a3-913dc82f84b5,Salaire : Non sp√©cifi√©,Lenstra,"Logiciels, Intelligence artificielle / Machine Learning, SaaS / Cloud Services",https://cdn-images.welcometothejungle.com/F782AilVlWZLCvu9DwJD-dMbjayOLliM12QnhncLF_U/rs:auto:70::/q:85/czM6Ly93dHRqLXByb2R1Y3Rpb24vdXBsb2Fkcy9vcmdhbml6YXRpb24vbG9nby81NTE2LzE2ODYzMS9kNzBhZDM0Yi1iOWM5LTRkOWItYjdlYS1kNDJiZTY5ZDlkMmIucG5n,Paris,CDI,T√©l√©travail total,2024-06-17T09:51:49Z
Senior Machine Learning AI Engineer (F/H/X),https://www.welcometothejungle.com/fr/companies/iadvize/jobs/senior-machine-learning-ai-engineer-f-h-x_IADVI_99JjlK8?q=b05a07b77549f6ba30e4434cb68db4dc&o=63774424-3a38-4edf-9666-8268ea1db9dd,Salaire : Non sp√©cifi√©,iAdvize,"IT / Digital, √âconomie collaborative, E-commerce",https://cdn-images.welcometothejungle.com/4aj79HDMSAdkWC4KmyV3qTF3RNFhc7lstab93zL2xN4/rs:auto:70::/q:85/czM6Ly93dHRqLXByb2R1Y3Rpb24vdXBsb2Fkcy9vcmdhbml6YXRpb24vbG9nby8wMzU1LzE0OTY5NC9mNTZkYzYwYy03YmM1LTQ0NTctYTYwNy01ZmU3ZjVjN2E5YzAucG5n,"Paris, , Nantes",CDI,T√©l√©travail fr√©quent,2024-06-24T14:03:50Z
D√©veloppeur - Python Senior / Architecte Machine Learning (H/F),https://www.welcometothejungle.com/fr/companies/sancare/jobs/developpeur-python-senior-architecte-machine-learning_paris?q=b05a07b77549f6ba30e4434cb68db4dc&o=ccedeaf6-fcd9-4fdf-bf65-d5cab0631671,Salaire : 50K √† 70K¬†‚Ç¨,Sancare,"Intelligence artificielle / Machine Learning, Big Data, Sant√©",https://cdn-images.welcometothejungle.com/nDJVL5ok2dW-f6M0q1se3G09eNksg5E730mITwgquNw/rs:auto:70::/q:85/czM6Ly93dHRqLXByb2R1Y3Rpb24vdXBsb2Fkcy9vcmdhbml6YXRpb24vbG9nby85NzMzLzE1NDIzOC9mYjc1NjYzMC04MjFmLTRiMGUtYWE3MC03ODdmNjY5MDU2MjMucG5n,Paris,CDI,T√©l√©travail fr√©quent,2024-07-01T15:40:52Z
Senior BI Engineer H/F,https://www.welcometothejungle.com/fr/companies/primelis/jobs/senior-data-engineer-h-f_levallois-perret?q=b05a07b77549f6ba30e4434cb68db4dc&o=a90daf16-ee5f-4f1f-a0c5-f093f5891ca3,Salaire : Non sp√©cifi√©,Primelis,"IT / Digital, Marketing / Communication",https://cdn-images.welcometothejungle.com/L13uUdHYBPMTebnVjI6-vuVS3aoTbgpz495oAlwNmJA/rs:auto:70::/q:85/czM6Ly93dHRqLXByb2R1Y3Rpb24vdXBsb2Fkcy9vcmdhbml6YXRpb24vbG9nby8wODM0LzE1ODMyMy9iMjE1OGIyNy1lY2ZmLTRkYTctYTdlNy1kYTE1ODgyMmRhMTcucG5n,Levallois-Perret,CDI,T√©l√©travail occasionnel,2024-06-18T08:34:37Z
Senior Machine Learning Engineer - Demand & Assortment Planning (Supply Chain) (f/m/d) ,https://www.welcometothejungle.com/fr/companies/decathlon-digital/jobs/senior-machine-learning-engineer-demand-assortment-planning-supply-chain-f-m-d_paris?q=b05a07b77549f6ba30e4434cb68db4dc&o=12e430ba-98ca-4fa7-ba62-3da554eb0feb,Salaire : Non sp√©cifi√©,Decathlon Digital,"Application mobile, Logiciels, Cybers√©curit√©, Sport, E-commerce, Grande distribution",https://cdn-images.welcometothejungle.com/c6x3vd7MdE-ZqfTX4zodKASEZy0OuIs9BGVEejCFpwI/rs:auto:70::/q:85/czM6Ly93dHRqLXByb2R1Y3Rpb24vdXBsb2Fkcy9vcmdhbml6YXRpb24vbG9nby85MzQ4LzE2MzQ2NS80NWIzYjE3OC03ZjAxLTRlMmEtOTRiYi1kMjM4NjQxYmQxZmIucG5n,Paris,CDI,T√©l√©travail fr√©quent,2024-05-11T22:22:41Z
Senior DataOps  (x/f/m),https://www.welcometothejungle.com/fr/companies/doctolib/jobs/senior-dataops-x-f-m_paris?q=b05a07b77549f6ba30e4434cb68db4dc&o=bced9765-ba29-4446-8705-d920dc94a8d5,Salaire : Non sp√©cifi√©,Doctolib,"Application mobile, Logiciels, SaaS / Cloud Services, Sant√©",https://cdn-images.welcometothejungle.com/rGI3kJ414-wKPfHF2PhyB4cYUqfu2SxNgZTB5eKngks/rs:auto:70::/q:85/czM6Ly93dHRqLXByb2R1Y3Rpb24vdXBsb2Fkcy9vcmdhbml6YXRpb24vbG9nby8yNDQ1LzE0NDQ5Mi8yOTAzY2RiYi0zYjFlLTQzMWQtYTgyNS1jZGUyZDBkZTRiYjkucG5n,Paris,CDI,T√©l√©travail occasionnel,2024-06-09T01:35:20Z
Senior Machine Learning Engineer - Demand & Assortment Planning (Supply Chain) (f/m/d) ,https://www.welcometothejungle.com/fr/companies/decathlon-digital/jobs/senior-machine-learning-engineer-demand-assortment-planning-supply-chain-f-m-d_croix_DD_Vw9J3Qp?q=b05a07b77549f6ba30e4434cb68db4dc&o=394dd4c6-c9e6-418e-a1d4-9481807fe6ca,Salaire : Non sp√©cifi√©,Decathlon Digital,"Application mobile, Logiciels, Cybers√©curit√©, Sport, E-commerce, Grande distribution",https://cdn-images.welcometothejungle.com/c6x3vd7MdE-ZqfTX4zodKASEZy0OuIs9BGVEejCFpwI/rs:auto:70::/q:85/czM6Ly93dHRqLXByb2R1Y3Rpb24vdXBsb2Fkcy9vcmdhbml6YXRpb24vbG9nby85MzQ4LzE2MzQ2NS80NWIzYjE3OC03ZjAxLTRlMmEtOTRiYi1kMjM4NjQxYmQxZmIucG5n,Croix,CDI,T√©l√©travail fr√©quent,2024-05-29T23:52:25Z
Consultant Senior Data Gouvernance Paris 2024  H/F,https://www.welcometothejungle.com/fr/companies/mazars-tech/jobs/consultant-senior-data-gouvernance-paris-2024-h-f_courbevoie_FMELT_3MZ8obe?q=b05a07b77549f6ba30e4434cb68db4dc&o=f2543ebf-641f-44a0-abfe-2716f964e507,Salaire : Non sp√©cifi√©,Forvis Mazars et la Tech,IT / Digital,https://cdn-images.welcometothejungle.com/G-1vl_zkxHKErb1lUDHns9tpI1B4U3Mofppp8hihqo4/rs:auto:70::/q:85/czM6Ly93dHRqLXByb2R1Y3Rpb24vdXBsb2Fkcy9vcmdhbml6YXRpb24vbG9nby8zNDMxLzE2MzUzNS8yZjMzYzAxMi04OWI3LTRmYjItYTFkMy0xZjdlMTBlM2U2ZGYuanBn,Courbevoie,CDI,T√©l√©travail non autoris√©,2024-06-05T00:29:53Z
Consultant Senior MLOps Engineer -  F/H/N,https://www.welcometothejungle.com/fr/companies/octo-technology/jobs/consultant-senior-mlops-engineer-f-h-n_paris_OT_N8NbLW?q=b05a07b77549f6ba30e4434cb68db4dc&o=0116ba82-6540-4a99-879a-d0f06a0b1077,Salaire : Non sp√©cifi√©,OCTO Technology,"IT / Digital, Organisation / Management, Transformation",https://cdn-images.welcometothejungle.com/AKH-aTqJTh1J0zbuacrt6OmKTDcOQiW8RQpHMkOF-ho/rs:auto:70::/q:85/czM6Ly93dHRqLXByb2R1Y3Rpb24vdXBsb2Fkcy9vcmdhbml6YXRpb24vbG9nby83ODg2LzE0NTg4My80NmU5ZWZhNy01NDZhLTQ5YTAtODJlOC0wNDhkYzAwZjU5ODUucG5n,Paris,CDI,T√©l√©travail non autoris√©,2024-07-01T23:25:50Z
Senior Scala Software Engineer - Team Payment,https://www.welcometothejungle.com/fr/companies/swan/jobs/senior-software-engineer-team-payment_SWAN_4eZ821W?q=b05a07b77549f6ba30e4434cb68db4dc&o=9009c851-1335-4e53-9446-177cfb7f54f1,Salaire : Non sp√©cifi√©,Swan,"Banque, IT / Digital, FinTech / InsurTech",https://cdn-images.welcometothejungle.com/qdeCyV12lCW98aGprpPqXJd5YXPlg8KRNqdjsKEuxTg/rs:auto:70::/q:85/czM6Ly93dHRqLXByb2R1Y3Rpb24vdXBsb2Fkcy9vcmdhbml6YXRpb24vbG9nby84MDU3LzE1OTIzOC81Mjc3YWQxOC04NzM3LTQ3NDAtYjY4MS0wZDQxNWRjMzg1MGIucG5n,"Paris, , Amsterdam, , Bordeaux",CDI,T√©l√©travail fr√©quent,2024-07-04T08:15:41Z
Senior BI Engineer - Expert Tableau Sports & Products,https://www.welcometothejungle.com/fr/companies/decathlon-digital/jobs/senior-bi-engineer-sports-products_croix?q=b05a07b77549f6ba30e4434cb68db4dc&o=407b9c60-6e6a-4745-b04d-681451e0d2c0,Salaire : Non sp√©cifi√©,Decathlon Digital,"Application mobile, Logiciels, Cybers√©curit√©, Sport, E-commerce, Grande distribution",https://cdn-images.welcometothejungle.com/c6x3vd7MdE-ZqfTX4zodKASEZy0OuIs9BGVEejCFpwI/rs:auto:70::/q:85/czM6Ly93dHRqLXByb2R1Y3Rpb24vdXBsb2Fkcy9vcmdhbml6YXRpb24vbG9nby85MzQ4LzE2MzQ2NS80NWIzYjE3OC03ZjAxLTRlMmEtOTRiYi1kMjM4NjQxYmQxZmIucG5n,Croix,CDI,T√©l√©travail fr√©quent,2024-05-19T23:42:18Z
Software Back-end Engineer (Senior / Staff / Principal),https://www.welcometothejungle.com/fr/companies/greenly/jobs/software-engineer-senior-staff-principal_paris?q=10fade5be3923606d607eb9427c73ed0&o=7072d0fa-da74-4299-b16e-569ea21191d6,Salaire : 60K √† 75K¬†‚Ç¨,Greenly,SocialTech / GreenTech,https://cdn-images.welcometothejungle.com/W9v8fLKvL0IOOMU2M_5drhSItLGHa3ucCz_pyGqNTRY/rs:auto:70::/q:85/czM6Ly93dHRqLXByb2R1Y3Rpb24vdXBsb2Fkcy9vcmdhbml6YXRpb24vbG9nby8wMjI3LzE2MTU5MS9mNGIzMTkyZS1jZDdmLTRjNGItYTA4OC1kMTkyZWJjODIyOTMuanBn,Paris,CDI,T√©l√©travail total,2024-07-01T08:45:16Z
Consultant Senior Data Strategy Paris 2024 H/F,https://www.welcometothejungle.com/fr/companies/mazars-tech/jobs/consultant-senior-data-strategy-paris-2024-h-f_courbevoie?q=10fade5be3923606d607eb9427c73ed0&o=30384766-29eb-4f8a-8af5-70c426cb0550,Salaire : Non sp√©cifi√©,Forvis Mazars et la Tech,IT / Digital,https://cdn-images.welcometothejungle.com/G-1vl_zkxHKErb1lUDHns9tpI1B4U3Mofppp8hihqo4/rs:auto:70::/q:85/czM6Ly93dHRqLXByb2R1Y3Rpb24vdXBsb2Fkcy9vcmdhbml6YXRpb24vbG9nby8zNDMxLzE2MzUzNS8yZjMzYzAxMi04OWI3LTRmYjItYTFkMy0xZjdlMTBlM2U2ZGYuanBn,Courbevoie,CDI,T√©l√©travail non autoris√©,2024-05-14T00:56:48Z
Experte / Expert  Cloud senior.e -  Sophia-Antipolis,https://www.welcometothejungle.com/fr/companies/capgemini/jobs/experte-expert-cloud-senior-e-sophia-antipolis_sophia-antipolis_CAPGE_KNpYr0N?q=10fade5be3923606d607eb9427c73ed0&o=6dab602f-4507-4f5a-98cc-02cf9ed9b0bd,Salaire : Non sp√©cifi√©,Capgemini,"IT / Digital, Organisation / Management, Strat√©gie, Transformation",https://cdn-images.welcometothejungle.com/Bl8YhKGqcMqUgZ_DoS0bnjS76wyFf0fMUOBuccQMbPc/rs:auto:70::/q:85/czM6Ly93dHRqLXByb2R1Y3Rpb24vdXBsb2Fkcy9vcmdhbml6YXRpb24vbG9nby81NTEwLzE0OTQzMy83NzAwYTA1NC1kMmUxLTRkZTYtYTE5NC05OTkxZmY3OTYxNzcuanBn,Sophia-Antipolis,CDI,T√©l√©travail non autoris√©,2024-07-03T08:20:42Z
Senior Software Engineer (Platform),https://www.welcometothejungle.com/fr/companies/dinmo/jobs/senior-software-engineer-platform_paris?q=10fade5be3923606d607eb9427c73ed0&o=3a42f822-85bf-464a-8a0b-86e28a1e658d,Salaire : Non sp√©cifi√©,Dinmo,"Logiciels, SaaS / Cloud Services, AdTech  / MarTech",https://cdn-images.welcometothejungle.com/NJ5Sijy5eeFo1dcDq5VBYIS3tKa-OMI5Kimv8L5BX3Y/rs:auto:70::/q:85/czM6Ly93dHRqLXByb2R1Y3Rpb24vdXBsb2Fkcy9vcmdhbml6YXRpb24vbG9nby8xMzQ5LzE2NzQwNi83MmQ0OWUyMS05NzY5LTQxZmQtYjhjNC00Mjc2OTBlMTU0MDMucG5n,Paris,CDI,T√©l√©travail fr√©quent,2024-05-29T14:35:42Z
Consultant.e Expert.e CVM - Sofrecom - S√©nior √† Manager,https://www.welcometothejungle.com/fr/companies/orange-1/jobs/consultant-e-expert-e-cvm-sofrecom-senior-a-manager_chatillon_ORANG_3j7Y3WX?q=10fade5be3923606d607eb9427c73ed0&o=fbecf077-2c58-4e54-8c42-47f4cb9e5bed,Salaire : Non sp√©cifi√©,Orange,"IT / Digital, Electronique / T√©l√©communications",https://cdn-images.welcometothejungle.com/uB0lrTwjW19Qi5mFosWKlDDlDtzCnCOyz_5SHdqsirE/rs:auto:70::/q:85/czM6Ly93dHRqLXByb2R1Y3Rpb24vdXBsb2Fkcy9vcmdhbml6YXRpb24vbG9nby84NzQ2LzE1NzQyNC9kN2Y5MGQwYS1lOWZjLTRkMGUtOThhNC03MzRhZDlkNDI4ZjcucG5n,Ch√¢tillon,CDI,T√©l√©travail fr√©quent,2024-05-17T16:37:39Z
Senior Manager Quality Engineer,https://www.welcometothejungle.com/fr/companies/publicis-sapient/jobs/senior-manager-quality-engineer_paris_PS_q8A8W2y?q=10fade5be3923606d607eb9427c73ed0&o=bcf749dd-6c2a-4281-8492-f58cfea5c2e8,Salaire : Non sp√©cifi√©,Publicis Sapient,IT / Digital,https://cdn-images.welcometothejungle.com/X_SyrijRN_jWal88xuLoC5E1k79g27-SJYFvGKGS7DQ/rs:auto:70::/q:85/czM6Ly93dHRqLXByb2R1Y3Rpb24vdXBsb2Fkcy9vcmdhbml6YXRpb24vbG9nby83ODA2LzE2MzExMC81OGJkM2MxMC03MTljLTQ1NGQtOTFhZS0xN2VhODg1OTRjYTIucG5n,Paris,CDI,T√©l√©travail non autoris√©,2024-06-11T23:22:25Z
Data Science Consultant Intern,https://www.welcometothejungle.com/fr/companies/fifty-five/jobs/data-science-consultant-intern_paris?q=10fade5be3923606d607eb9427c73ed0&o=24a43c8d-47b3-4905-86fa-cc688576a9b1,Salaire : Non sp√©cifi√©,fifty-five,Digital Marketing / Data Marketing,https://cdn-images.welcometothejungle.com/Oh26bfHu-5j05TEqjHVGeA8oq7AwduyvCVQxKKn1iY4/rs:auto:70::/q:85/czM6Ly93dHRqLXByb2R1Y3Rpb24vdXBsb2Fkcy9vcmdhbml6YXRpb24vbG9nby84NzU3LzE1MDA0Ny9jZmQxZDgwMS01NjJlLTRkNTItOGU3NS03MWVjMmZhY2E1M2MuanBn,Paris,Stage(6 mois),T√©l√©travail fr√©quent,2024-06-25T08:09:42Z
Senior AI Expert - (M/F),https://www.welcometothejungle.com/fr/companies/axa/jobs/senior-ai-m-f_puteaux?q=10fade5be3923606d607eb9427c73ed0&o=8ce3c0c2-c357-4a3d-a6f0-10f55cc58f91,Salaire : Non sp√©cifi√©,AXA,"Banque, Assurance, FinTech / InsurTech",https://cdn-images.welcometothejungle.com/SdenYpKmUq7ge3oLqz3UpSZL4xS-bsJwXJunmHh6xJ4/rs:auto:70::/q:85/czM6Ly93dHRqLXByb2R1Y3Rpb24vdXBsb2Fkcy9vcmdhbml6YXRpb24vbG9nby81OTQ0LzE0Nzk3Mi9jZGE4N2ZhYi1iYTNmLTRjNDgtOWI3ZS1mNjdlNzY5ZTMxZjcucG5n,Puteaux,CDI,T√©l√©travail fr√©quent,2024-06-15T00:58:42Z
Life & Health Senior Actuary - (M/F),https://www.welcometothejungle.com/fr/companies/axa/jobs/life-health-senior-actuary-m-f_puteaux_AXA_GVqjzrq?q=10fade5be3923606d607eb9427c73ed0&o=a9b88260-0f73-4beb-8ee1-9dac9dedcb17,Salaire : Non sp√©cifi√©,AXA,"Banque, Assurance, FinTech / InsurTech",https://cdn-images.welcometothejungle.com/SdenYpKmUq7ge3oLqz3UpSZL4xS-bsJwXJunmHh6xJ4/rs:auto:70::/q:85/czM6Ly93dHRqLXByb2R1Y3Rpb24vdXBsb2Fkcy9vcmdhbml6YXRpb24vbG9nby81OTQ0LzE0Nzk3Mi9jZGE4N2ZhYi1iYTNmLTRjNDgtOWI3ZS1mNjdlNzY5ZTMxZjcucG5n,Puteaux,CDI,T√©l√©travail fr√©quent,2024-06-11T00:36:26Z
Senior DevOps Manager ‚Äì Platform team (All Genders),https://www.welcometothejungle.com/fr/companies/dailymotion/jobs/senior-devops-manager-platform-team-all-genders_paris_DAILY_VpRJGJ?q=10fade5be3923606d607eb9427c73ed0&o=52200deb-6d71-468e-ad56-fb6bcdf167c3,Salaire : Non sp√©cifi√©,Dailymotion,"Big Data, M√©dia, Publicit√©",https://cdn-images.welcometothejungle.com/JkuTRQ3YqtO-yuNrxfpfARPo-fojAAnIAHVv6753Y_U/rs:auto:70::/q:85/czM6Ly93dHRqLXByb2R1Y3Rpb24vdXBsb2Fkcy9vcmdhbml6YXRpb24vbG9nby85MDA2LzE1NTAwNi85MmQ1MDBjMy1mYWE0LTRlMDQtYWU0MC0yOGRjYmM2MzNhNTAucG5n,Paris,CDI,T√©l√©travail non autoris√©,2024-06-29T00:56:17Z
Consultant Data Engineer √† Lille - F/H/N,https://www.welcometothejungle.com/fr/companies/octo-technology/jobs/consultant-data-engineer-a-lille-f-h-n_lille?q=10fade5be3923606d607eb9427c73ed0&o=1eef9e26-57f6-4e0e-bc8a-6e8128d9f077,Salaire : Non sp√©cifi√©,OCTO Technology,"IT / Digital, Organisation / Management, Transformation",https://cdn-images.welcometothejungle.com/AKH-aTqJTh1J0zbuacrt6OmKTDcOQiW8RQpHMkOF-ho/rs:auto:70::/q:85/czM6Ly93dHRqLXByb2R1Y3Rpb24vdXBsb2Fkcy9vcmdhbml6YXRpb24vbG9nby83ODg2LzE0NTg4My80NmU5ZWZhNy01NDZhLTQ5YTAtODJlOC0wNDhkYzAwZjU5ODUucG5n,Lille,CDI,T√©l√©travail non autoris√©,2024-06-12T23:20:28Z
Data Analyst Confirm√©(e) / Senior [CDI],https://www.welcometothejungle.com/fr/companies/medicalib/jobs/data-analyst-confirme-cdi_paris?q=10fade5be3923606d607eb9427c73ed0&o=2cee260f-59c1-40f1-b961-0a2786ba24db,Salaire : Non sp√©cifi√©,Medicalib,Sant√©,https://cdn-images.welcometothejungle.com/S8LVer7aLAOyzDyphebMLrf7EawLOfeIubzVB2-Xnfk/rs:auto:70::/q:85/czM6Ly93dHRqLXByb2R1Y3Rpb24vdXBsb2Fkcy9vcmdhbml6YXRpb24vbG9nby82NTc1LzE1NzEwNC80M2FiZjFiZi1jMGZmLTRjZDgtOWY2NC0yMjYyYzJhOTVlMDgucG5n,Paris,CDI,T√©l√©travail fr√©quent,2024-06-25T16:34:19Z
Senior Full-stack Engineer,https://www.welcometothejungle.com/fr/companies/foxintelligence/jobs/senior-software-engineer_paris?q=10fade5be3923606d607eb9427c73ed0&o=e0ff36ff-ede4-4495-ae65-e17e8503c33d,Salaire : Non sp√©cifi√©,Foxintelligence,"Strat√©gie, SaaS / Cloud Services, Big Data",https://cdn-images.welcometothejungle.com/kshO5ktl0X0wIvTPBJDTNFLRCKFDHi2Fo7cp1MaQGHA/rs:auto:70::/q:85/czM6Ly93dHRqLXByb2R1Y3Rpb24vdXBsb2Fkcy9vcmdhbml6YXRpb24vbG9nby85Njg5LzE1NDQ3OS84NjExZTgzMi1lYmIxLTRjNjMtYTE1YS1mYWJjMzE3MGU5YTQucG5n,Paris,CDI,T√©l√©travail total,2024-06-24T06:48:30Z
Senior/Staff Platform Engineer - Aix en Provence,https://www.welcometothejungle.com/fr/companies/gojob/jobs/senior-staff-platform-engineer-aix-en-provence_aix-en-provence?q=10fade5be3923606d607eb9427c73ed0&o=3211e7fc-f77e-4a6a-a787-62fe575cdf53,Salaire : Non sp√©cifi√©,Gojob,Recrutement,https://cdn-images.welcometothejungle.com/fQ8pHUFkxQBixktXWcrELxT3zK5l1Jnju3ZiGOYCn0E/rs:auto:70::/q:85/czM6Ly93dHRqLXByb2R1Y3Rpb24vdXBsb2Fkcy9vcmdhbml6YXRpb24vbG9nby8xNTIwLzE1MDU4My8zYjQyMWY2YS0zMzNiLTQ3NDMtODI3NC04MzVmNzBjMWRlNDIucG5n,Aix-en-Provence,CDI,T√©l√©travail fr√©quent,2024-06-17T14:07:51Z
Senior Software Engineer H/F,https://www.welcometothejungle.com/fr/companies/qantev/jobs/tech-lead-software-engineer_paris?q=10fade5be3923606d607eb9427c73ed0&o=409ab921-27b2-4323-8e0c-4a93bba02d7d,Salaire : Non sp√©cifi√©,Qantev,"Intelligence artificielle / Machine Learning, FinTech / InsurTech, SaaS / Cloud Services",https://cdn-images.welcometothejungle.com/MFAliDLmDYjGS0BTIQCmjtBLQcOm9ybcw0j0c7sImIo/rs:auto:70::/q:85/czM6Ly93dHRqLXByb2R1Y3Rpb24vdXBsb2Fkcy9vcmdhbml6YXRpb24vbG9nby81NjU0LzE1NzQwOC85MTljMTY0Zi0yYjIyLTQ2ZGQtOWVjMi0xMGQ3YmE3YWNlNWIucG5n,Paris,CDI,T√©l√©travail fr√©quent,2024-05-30T13:44:59Z
Senior software iOS engineer,https://www.welcometothejungle.com/fr/companies/yubo/jobs/senior-software-ios-engineer_paris_YUBO_8DyjKaL?q=10fade5be3923606d607eb9427c73ed0&o=62b72602-516a-4ad6-ad35-4149c4b6668c,Salaire : Non sp√©cifi√©,Yubo,Application mobile,https://cdn-images.welcometothejungle.com/cUATvTvTP0sB6TFI9nOIQRe5n-N7Kssd2aXT5RrVqsk/rs:auto:70::/q:85/czM6Ly93dHRqLXByb2R1Y3Rpb24vdXBsb2Fkcy9vcmdhbml6YXRpb24vbG9nby8xNTk2LzE1Mjk2OC9lYjExYzYzZC1iOWRmLTQwNzQtOWMxNS1lYzMwYjlmNmZiNjEucG5n,Paris,CDI,T√©l√©travail fr√©quent,2024-06-25T15:30:22Z
"Senior Software Engineer (backend, Django)",https://www.welcometothejungle.com/fr/companies/gitguardian/jobs/backend-developer_paris?q=10fade5be3923606d607eb9427c73ed0&o=0dc1dd6b-bd71-4f6e-b72e-4ebd3c15f774,Salaire : Non sp√©cifi√©,GitGuardian,"IT / Digital, SaaS / Cloud Services, Cybers√©curit√©",https://cdn-images.welcometothejungle.com/A-iWtqOLBYhf4bkS5RDabp1Wjtx6X9pT631sXOgwUf0/rs:auto:70::/q:85/czM6Ly93dHRqLXByb2R1Y3Rpb24vdXBsb2Fkcy9vcmdhbml6YXRpb24vbG9nby8wMTI3LzE1MzI3MC84OWNkNjI1Yy04NDA2LTQ1YzEtYmY1Yy1mZjY1YmM5Nzg2ZjkuanBn,Paris,CDI,T√©l√©travail total,2024-05-28T12:50:31Z
Senior Manager Quality Engineer F/H,https://www.welcometothejungle.com/fr/companies/publicis-france-1/jobs/senior-manager-quality-engineer-f-h_paris_PF_MaXeedN?q=10fade5be3923606d607eb9427c73ed0&o=2740677d-3903-4a19-8cd9-3f47e667da8d,Salaire : Non sp√©cifi√©,Publicis France,"Marketing / Communication, Publicit√©, Digital, Relations publiques, AdTech  / MarTech, Ev√©nementiel, Design",https://cdn-images.welcometothejungle.com/vRb_AI9u06mkYOo3Psj6JDFip0cRymrFdVcCcU0o0U4/rs:auto:70::/q:85/czM6Ly93dHRqLXByb2R1Y3Rpb24vdXBsb2Fkcy9vcmdhbml6YXRpb24vbG9nby85MDgwLzE2NzAyNC82YjBkZDYzYy04MGNkLTQ4MTQtODdmNC05NTM1NjY0OTU4NTAucG5n,Paris,CDI,T√©l√©travail non autoris√©,2024-06-20T23:46:22Z
Consultant Data Engineer - F/H/N,https://www.welcometothejungle.com/fr/companies/octo-technology/jobs/consultant-data-engineer-f-h-n_lille?q=10fade5be3923606d607eb9427c73ed0&o=25ede8ad-924f-4981-8782-fb2de8a21022,Salaire : Non sp√©cifi√©,OCTO Technology,"IT / Digital, Organisation / Management, Transformation",https://cdn-images.welcometothejungle.com/AKH-aTqJTh1J0zbuacrt6OmKTDcOQiW8RQpHMkOF-ho/rs:auto:70::/q:85/czM6Ly93dHRqLXByb2R1Y3Rpb24vdXBsb2Fkcy9vcmdhbml6YXRpb24vbG9nby83ODg2LzE0NTg4My80NmU5ZWZhNy01NDZhLTQ5YTAtODJlOC0wNDhkYzAwZjU5ODUucG5n,Lille,CDI,T√©l√©travail non autoris√©,2024-06-04T23:19:52Z
Senior Data Architecte R&D - F/H/NB,https://www.welcometothejungle.com/fr/companies/biomerieux/jobs/senior-data-architecte-r-d-f-h-nb_la-balme-les-grottes?q=10fade5be3923606d607eb9427c73ed0&o=e6f87ece-4234-4623-b21d-d14b5035c305,Salaire : Non sp√©cifi√©,bioM√©rieux,Pharmaceutique / Biotechnologique,https://cdn-images.welcometothejungle.com/gW_ZOULv82FWW4Yk3J2T2i0e1ln3Nap7oCdi-Swm2ic/rs:auto:70::/q:85/czM6Ly93dHRqLXByb2R1Y3Rpb24vdXBsb2Fkcy9vcmdhbml6YXRpb24vbG9nby8yODA1LzE1OTE4MC9mMmI0OWMyMC1kODVkLTQ4NmYtYmRhZi05NmFlMWQyZDZjNDUucG5n,La Balme-les-Grottes,CDI,T√©l√©travail occasionnel,2024-06-14T16:20:07Z
Data Engineering Manager H/F,https://www.welcometothejungle.com/fr/companies/invivo-digital-factory/jobs/data-engineering-manager-h-f_courbevoie?q=10fade5be3923606d607eb9427c73ed0&o=65fa89e1-7922-42aa-9662-5b1995fbcf94,Salaire : Non sp√©cifi√©,InVivo Digital Factory,"IT / Digital, E-commerce",https://cdn-images.welcometothejungle.com/W5ARYTIsMj_RsNP5lTPQHMCt86n78gUSc63Zj9S5cOI/rs:auto:70::/q:85/czM6Ly93dHRqLXByb2R1Y3Rpb24vdXBsb2Fkcy9vcmdhbml6YXRpb24vbG9nby81OTE4LzE1NjQ1Ny82NDBmMjE3OC1hNmYwLTRkYTMtODNmMi1hMWViNzEzYTI5ZGMucG5n,Courbevoie,CDI,T√©l√©travail fr√©quent,2024-05-23T10:49:25Z
Senior Manager Quality Engineer F/H,https://www.welcometothejungle.com/fr/companies/publicis-sapient/jobs/senior-manager-quality-engineer-f-h_paris_PS_q0j6exN?q=10fade5be3923606d607eb9427c73ed0&o=a04d671e-1718-43f6-be10-71240721cfbb,Salaire : Non sp√©cifi√©,Publicis Sapient,IT / Digital,https://cdn-images.welcometothejungle.com/X_SyrijRN_jWal88xuLoC5E1k79g27-SJYFvGKGS7DQ/rs:auto:70::/q:85/czM6Ly93dHRqLXByb2R1Y3Rpb24vdXBsb2Fkcy9vcmdhbml6YXRpb24vbG9nby83ODA2LzE2MzExMC81OGJkM2MxMC03MTljLTQ1NGQtOTFhZS0xN2VhODg1OTRjYTIucG5n,Paris,CDI,T√©l√©travail non autoris√©,2024-06-20T23:21:40Z
Experte / Expert Infrastructure Senior - Aix-en-Provence,https://www.welcometothejungle.com/fr/companies/capgemini/jobs/experte-expert-infrastructure-senior-aix-en-provence_lyon_CAPGE_b88bzON?q=10fade5be3923606d607eb9427c73ed0&o=e9a15006-c8af-44ee-bc99-bfa790c333e5,Salaire : Non sp√©cifi√©,Capgemini,"IT / Digital, Organisation / Management, Strat√©gie, Transformation",https://cdn-images.welcometothejungle.com/Bl8YhKGqcMqUgZ_DoS0bnjS76wyFf0fMUOBuccQMbPc/rs:auto:70::/q:85/czM6Ly93dHRqLXByb2R1Y3Rpb24vdXBsb2Fkcy9vcmdhbml6YXRpb24vbG9nby81NTEwLzE0OTQzMy83NzAwYTA1NC1kMmUxLTRkZTYtYTE5NC05OTkxZmY3OTYxNzcuanBn,Lyon,CDI,T√©l√©travail non autoris√©,2024-07-03T08:20:19Z
Senior iOS Engineer (Sophia-Antipolis),https://www.welcometothejungle.com/fr/companies/ricardo-france/jobs/senior-ios-engineer-sophia-antipolis_valbonne?q=10fade5be3923606d607eb9427c73ed0&o=f091fb6d-b264-44f4-9b7d-64b267b15ac0,Salaire : Non sp√©cifi√©,SMG swiss marketplace group (ex Ricardo),"IT / Digital, √âconomie collaborative, E-commerce, Digital",https://cdn-images.welcometothejungle.com/j_F_e_Z_fqcjkNHhqr4oSGah5iEnLxW1aqiu-VUIsU4/rs:auto:70::/q:85/czM6Ly93dHRqLXByb2R1Y3Rpb24vdXBsb2Fkcy9vcmdhbml6YXRpb24vbG9nby84NDc0LzE1NjE0MC83YmZmNjVhNi0wYzFkLTQyZGEtOWM1NC1iNTRiYjlmMjgzMGYucG5n,Valbonne,CDI,T√©l√©travail non autoris√©,2024-07-02T01:00:09Z
Senior Software Engineer,https://www.welcometothejungle.com/fr/companies/sonio/jobs/senior-software-engineer_paris?q=10fade5be3923606d607eb9427c73ed0&o=f7d9b988-6b11-4c76-8eb9-d9650c78749c,Salaire : Non sp√©cifi√©,Sonio,"Intelligence artificielle / Machine Learning, SaaS / Cloud Services, Sant√©",https://cdn-images.welcometothejungle.com/5yryXHgRdNd3cPTDfKLGW6VZZ7zyQc7SIZl5wNuWvas/rs:auto:70::/q:85/czM6Ly93dHRqLXByb2R1Y3Rpb24vdXBsb2Fkcy9vcmdhbml6YXRpb24vbG9nby81NDYxLzE2MDYzNy81OTg4OTUzNC00MzFlLTRhNWUtYWZkMC03MzdkNjMyZGJhNTcucG5n,Paris,CDI,T√©l√©travail non autoris√©,2024-05-19T22:01:59Z
D√©veloppeur Senior IA G√©n√©rative Cloud Aws Rennes ou Paris H/F,https://www.welcometothejungle.com/fr/companies/veonum-human-first/jobs/developpeur-senior-ia-generative-cloud-aws-rennes-ou-paris-h-f_rennes?q=10fade5be3923606d607eb9427c73ed0&o=a5346135-51d4-4dbe-b845-a0b1b7a3761d,Salaire : 39K √† 55K¬†‚Ç¨,VeoNum,"Logiciels, Intelligence artificielle / Machine Learning, IT / Digital",https://cdn-images.welcometothejungle.com/kkRVsKsnsWSZDyi0MMYZiv1YbM78SpUf7EXiFCcOQkA/rs:auto:70::/q:85/czM6Ly93dHRqLXByb2R1Y3Rpb24vdXBsb2Fkcy9vcmdhbml6YXRpb24vbG9nby81OTA2LzE2OTY5My81M2MzMjBiMC0xYWIzLTRkMmMtYjJhMS1hMjM0MDU2YzMzM2UuanBn,Rennes,CDI,T√©l√©travail fr√©quent,2024-05-21T14:33:38Z
Senior software Engineer Fullstack/Back,https://www.welcometothejungle.com/fr/companies/metroscope/jobs/senior-software-engineer-fullstack-back_paris?q=10fade5be3923606d607eb9427c73ed0&o=cbdabd30-697b-41de-a942-e6d5ed2dfc42,Salaire : Non sp√©cifi√©,Metroscope,"Logiciels, Intelligence artificielle / Machine Learning, Energie",https://cdn-images.welcometothejungle.com/yX6ndEhEkcmjc8WugnMb7c7WL-o2mu_c1UfAQ3B3X34/rs:auto:70::/q:85/czM6Ly93dHRqLXByb2R1Y3Rpb24vdXBsb2Fkcy9vcmdhbml6YXRpb24vbG9nby84MjEyLzE1ODIxMC80YmIxNWYwMy1mZDc3LTQwNWEtYjk0Zi0yZmQwMGQ1ZjU2MzIucG5n,Paris,CDI,T√©l√©travail fr√©quent,2024-06-24T15:29:00Z
Consultant Data Geek Confirm√© / Senior √† Toulouse - F/H/N,https://www.welcometothejungle.com/fr/companies/octo-technology/jobs/consultant-data-geek-confirme-senior-a-toulouse-f-h-n_toulouse?q=10fade5be3923606d607eb9427c73ed0&o=7cd62551-8bc0-4fe6-814f-297dce4bcb4c,Salaire : Non sp√©cifi√©,OCTO Technology,"IT / Digital, Organisation / Management, Transformation",https://cdn-images.welcometothejungle.com/AKH-aTqJTh1J0zbuacrt6OmKTDcOQiW8RQpHMkOF-ho/rs:auto:70::/q:85/czM6Ly93dHRqLXByb2R1Y3Rpb24vdXBsb2Fkcy9vcmdhbml6YXRpb24vbG9nby83ODg2LzE0NTg4My80NmU5ZWZhNy01NDZhLTQ5YTAtODJlOC0wNDhkYzAwZjU5ODUucG5n,Toulouse,CDI,T√©l√©travail non autoris√©,2024-06-12T23:20:27Z
Cybersecurity senior consultant,https://www.welcometothejungle.com/fr/companies/five-nines/jobs/cybersecurity-senior-consultant?q=10fade5be3923606d607eb9427c73ed0&o=b764cff7-afdd-4dae-bb5d-7d5ea86e12c6,Salaire : Non sp√©cifi√©,FIVE NINES,"IT / Digital, SaaS / Cloud Services, Cybers√©curit√©",https://cdn-images.welcometothejungle.com/KuukT8Q_8DazBR2chPFVTXYnVhYGWUe9b6yInRT0t5g/rs:auto:70::/q:85/czM6Ly93dHRqLXByb2R1Y3Rpb24vdXBsb2Fkcy9vcmdhbml6YXRpb24vbG9nby8yNDk3LzE2ODMxOS8yYTkyNjMzYy03OGRkLTQzZGUtOGVhMS0yYjlmN2ZjZmMzNzkuanBn,"Paris, , Casablanca",CDI,T√©l√©travail occasionnel,2024-05-24T11:23:26Z
Consultant Senior Analytics Engineering H/F - CDI,https://www.welcometothejungle.com/fr/companies/converteo/jobs/consultant-senior-analytics-engineering-h-f-cdi_paris_CONVE_r882gzr?q=10fade5be3923606d607eb9427c73ed0&o=37ad90c9-6562-4af0-9ddd-143f232808dc,Salaire : Non sp√©cifi√©,Converteo,"Digital Marketing / Data Marketing, IT / Digital, Strat√©gie",https://cdn-images.welcometothejungle.com/emzrin2C6rXqqdyKIlLwZ_6-N4JX19GvEm0aJcIIUTo/rs:auto:70::/q:85/czM6Ly93dHRqLXByb2R1Y3Rpb24vdXBsb2Fkcy9vcmdhbml6YXRpb24vbG9nby85NjE4LzE0NDg4Ny80N2YxYmI5Zi1jZGMwLTQ0OTMtYjUxZS05NGM5OTIxZTQ2OTAucG5n,Paris,CDI,T√©l√©travail occasionnel,2024-05-27T06:27:53Z
Chemical Product Engineering (F/M),https://www.welcometothejungle.com/fr/companies/acc-automotive-cells-company/jobs/chemical-product-engineering-f-m_bruges_AACC_9AzMbzk?q=ecd11f0ca67b458da44e8f2f67e4a4e5&o=9251373c-79ae-41aa-a2b3-0d7bb93fe1ed,Salaire : Non sp√©cifi√©,ACC - Automotive Cells Company,"Ing√©nieries Sp√©cialis√©es, Energie, Automobile",https://cdn-images.welcometothejungle.com/hZMpdAGzjzA2FWfB9edeoles1JKgOfJwNoaDRV1HIj8/rs:auto:70::/q:85/czM6Ly93dHRqLXByb2R1Y3Rpb24vdXBsb2Fkcy9vcmdhbml6YXRpb24vbG9nby8wMTM3LzE2NzQ1Ni8xOWYzNmQwZC1kNGIzLTRhZTYtYjVhNS00YjhlNWM0ZTMyZTQucG5n,Bruges,CDI,T√©l√©travail fr√©quent,2024-07-02T14:00:11Z
Senior Product Manager Advertising (H/F/X),https://www.welcometothejungle.com/fr/companies/aviv-group/jobs/senior-product-manager-advertising-h-f-x_paris?q=ecd11f0ca67b458da44e8f2f67e4a4e5&o=7b60b8ea-d076-4d6f-a014-dd2df96a8308,Salaire : Non sp√©cifi√©,AVIV Group,"Immobilier commercial, Immobilier particulier",https://cdn-images.welcometothejungle.com/pJHSGoNA0XW6xzIdOYZK1_WgAveni9qUcA3zu2FbDnk/rs:auto:70::/q:85/czM6Ly93dHRqLXByb2R1Y3Rpb24vdXBsb2Fkcy9vcmdhbml6YXRpb24vbG9nby8yMDU2LzE2NjE3MC8xMDllNDBmNy00YzkzLTQ0YjgtYTE2Yi00ZTJkZmQ3NDUxMDkuanBn,Paris,CDI,T√©l√©travail non autoris√©,2024-07-03T23:47:57Z
IT Senior Auditor ,https://www.welcometothejungle.com/fr/companies/axa/jobs/it-senior-auditor_paris?q=ecd11f0ca67b458da44e8f2f67e4a4e5&o=bb14ea12-357f-408a-91c8-ab480315fed4,Salaire : Non sp√©cifi√©,AXA,"Banque, Assurance, FinTech / InsurTech",https://cdn-images.welcometothejungle.com/SdenYpKmUq7ge3oLqz3UpSZL4xS-bsJwXJunmHh6xJ4/rs:auto:70::/q:85/czM6Ly93dHRqLXByb2R1Y3Rpb24vdXBsb2Fkcy9vcmdhbml6YXRpb24vbG9nby81OTQ0LzE0Nzk3Mi9jZGE4N2ZhYi1iYTNmLTRjNDgtOWI3ZS1mNjdlNzY5ZTMxZjcucG5n,Paris,CDI,T√©l√©travail fr√©quent,2024-06-07T00:35:38Z
Lead developer ‚Äì Senior full stack & blockchain Developer H/F,https://www.welcometothejungle.com/fr/companies/oss-ventures/jobs/lead-developer-senior-full-stack-amp-blockchain-developer_paris?q=ecd11f0ca67b458da44e8f2f67e4a4e5&o=5163d3b1-2aed-4ced-80ac-0da2e85e0987,Salaire : 75K √† 120K¬†‚Ç¨,OSS Ventures,SaaS / Cloud Services,https://cdn-images.welcometothejungle.com/QzkjOR6jq3h9pH0Puu04ydKAX62scHnkH-2sT0oGmMI/rs:auto:70::/q:85/czM6Ly93dHRqLXByb2R1Y3Rpb24vdXBsb2Fkcy9vcmdhbml6YXRpb24vbG9nby85MzM3LzE1OTYxOC9mMjlkM2Y4NC0xYmRjLTRjMWItYmQ3NS00NmFhZDNlY2VhM2MucG5n,Paris,CDI,T√©l√©travail fr√©quent,2024-06-27T14:35:03Z
Capacity & MPS leader (F/M),https://www.welcometothejungle.com/fr/companies/acc-automotive-cells-company/jobs/capacity-mps-leader-f-m_bruges?q=ecd11f0ca67b458da44e8f2f67e4a4e5&o=59cb49cf-5921-41af-9f35-7ab77dc1f416,Salaire : Non sp√©cifi√©,ACC - Automotive Cells Company,"Ing√©nieries Sp√©cialis√©es, Energie, Automobile",https://cdn-images.welcometothejungle.com/hZMpdAGzjzA2FWfB9edeoles1JKgOfJwNoaDRV1HIj8/rs:auto:70::/q:85/czM6Ly93dHRqLXByb2R1Y3Rpb24vdXBsb2Fkcy9vcmdhbml6YXRpb24vbG9nby8wMTM3LzE2NzQ1Ni8xOWYzNmQwZC1kNGIzLTRhZTYtYjVhNS00YjhlNWM0ZTMyZTQucG5n,Bruges,CDI,T√©l√©travail non autoris√©,2024-05-24T15:00:12Z
Lead tech security engineer,https://www.welcometothejungle.com/fr/companies/yubo/jobs/lead-tech-security-engineer_paris?q=ecd11f0ca67b458da44e8f2f67e4a4e5&o=f188b431-f8d2-4ebb-9ac0-3bfe2f580f2d,Salaire : Non sp√©cifi√©,Yubo,Application mobile,https://cdn-images.welcometothejungle.com/cUATvTvTP0sB6TFI9nOIQRe5n-N7Kssd2aXT5RrVqsk/rs:auto:70::/q:85/czM6Ly93dHRqLXByb2R1Y3Rpb24vdXBsb2Fkcy9vcmdhbml6YXRpb24vbG9nby8xNTk2LzE1Mjk2OC9lYjExYzYzZC1iOWRmLTQwNzQtOWMxNS1lYzMwYjlmNmZiNjEucG5n,Paris,CDI,T√©l√©travail fr√©quent,2024-06-28T08:30:54Z
Evaneos | Engineering Manager ,https://www.welcometothejungle.com/fr/companies/evaneos/jobs/engineering-manager-data-and-ia-platforms_paris?q=ecd11f0ca67b458da44e8f2f67e4a4e5&o=3dadaaf8-53df-429d-816f-6d99bb1561fe,Salaire : 60K √† 70K¬†‚Ç¨,Evaneos,"Tourisme, SocialTech / GreenTech",https://cdn-images.welcometothejungle.com/VCsT-0HZKKAZ43Xn1IGTD0lW4cvh9lGJIGOfYfEQ1Rs/rs:auto:70::/q:85/czM6Ly93dHRqLXByb2R1Y3Rpb24vdXBsb2Fkcy9vcmdhbml6YXRpb24vbG9nby84ODM0LzE0NzU3NS9hMGRlNmEzYS0wNDU2LTRmNzUtOWNiYS0xOTU0ZDVkNTRkNmUucG5n,Paris,CDI,T√©l√©travail fr√©quent,2024-07-05T09:27:34Z
Senior Product Manager Advertising (H/F/X),https://www.welcometothejungle.com/fr/companies/groupe-seloger-meilleurs-agents/jobs/senior-product-manager-advertising-h-f-x_paris?q=ecd11f0ca67b458da44e8f2f67e4a4e5&o=d223a9bf-f9b4-44af-8d76-245b0bd85e6f,Salaire : Non sp√©cifi√©,SeLoger & Meilleurs Agents,"Application mobile, IT / Digital, M√©dia, Immobilier particulier",https://cdn-images.welcometothejungle.com/YHuPEbvC468zUj899O674mPL8ZvloeAejDj6FiKBVRg/rs:auto:70::/q:85/czM6Ly93dHRqLXByb2R1Y3Rpb24vdXBsb2Fkcy9vcmdhbml6YXRpb24vbG9nby84MjE4LzE0ODE1NS84ODRmYTM5ZC1hOTRiLTRjMDktYmEyYi1kNmFhYjY1ODhiYTIucG5n,Paris,CDI,T√©l√©travail non autoris√©,2024-07-03T23:40:50Z
Senior Product Builder - Aix en Provence,https://www.welcometothejungle.com/fr/companies/gojob/jobs/senior-product-builder-aix-en-provence_aix-en-provence?q=ecd11f0ca67b458da44e8f2f67e4a4e5&o=8d79c4d2-102e-4b75-b247-9ac79362b926,Salaire : Non sp√©cifi√©,Gojob,Recrutement,https://cdn-images.welcometothejungle.com/fQ8pHUFkxQBixktXWcrELxT3zK5l1Jnju3ZiGOYCn0E/rs:auto:70::/q:85/czM6Ly93dHRqLXByb2R1Y3Rpb24vdXBsb2Fkcy9vcmdhbml6YXRpb24vbG9nby8xNTIwLzE1MDU4My8zYjQyMWY2YS0zMzNiLTQ3NDMtODI3NC04MzVmNzBjMWRlNDIucG5n,Aix-en-Provence,CDI,T√©l√©travail fr√©quent,2024-05-28T12:25:56Z
